V0911 12:00:28.414000 2314988 /home/z50063656/Pass/src/pytorch/torch/_dynamo/utils.py:2363] {"chromium_event": {}, "frame_id": 0, "frame_compile_id": 0, "attempt": 0, "has_payload": "d7fa8ec509815e36dbe7abe173359feb"}
	{
	"name": "dynamo",
	"ts": 1789099228414608.0,
	"args": {
	"compile_id": "0/0"
	},
	"ph": "B",
	"cat": "dynamo_timed",
	"tid": 0,
	"pid": 0
	}
V0911 12:00:28.415000 2314988 /home/z50063656/Pass/src/pytorch/torch/_logging/_internal.py:1377] {"artifact": {"name": "torch_version", "encoding": "json"}, "has_payload": "a4ee46ff86577ddd58b430c779cc0c7e"}
	{
	"pytorch_version": "2.14.0a0+git8e86e0a",
	"commit": "8e86e0a23e3679c2bf3406cf0837fcb6297a5d9b",
	"oss": true
	}
V0911 12:00:28.416000 2314988 /home/z50063656/Pass/src/pytorch/torch/_dynamo/utils.py:2363] {"chromium_event": {}, "frame_id": 0, "frame_compile_id": 0, "attempt": 0, "has_payload": "aa72fc36da0592cf325e51d5cb45d3ed"}
	{
	"name": "entire_frame_compile",
	"ts": 1789099228416368.2,
	"args": {
	"fn_name": "_compile.compile_inner",
	"compile_id": "0/0"
	},
	"ph": "B",
	"cat": "dynamo_timed",
	"tid": 0,
	"pid": 0
	}
V0911 12:00:28.417000 2314988 /home/z50063656/Pass/src/pytorch/torch/_logging/structured.py:28] {"str": ["/home/z50063656/Pass/src/pytorch/torch/_dynamo/convert_frame.py", 0]}
V0911 12:00:28.418000 2314988 /home/z50063656/Pass/src/pytorch/torch/_logging/structured.py:28] {"str": ["/home/z50063656/Pass/Subgraph-Fusion-Pass-Optimization/issues/REF-reorder-locality-training-native/npu_adapter.py", 1]}
V0911 12:00:28.418000 2314988 /home/z50063656/Pass/src/pytorch/torch/_logging/structured.py:28] {"str": ["/home/z50063656/Pass/src/pytorch/test/inductor/test_reorder_for_locality_in_training.py", 2]}
V0911 12:00:28.418000 2314988 /home/z50063656/Pass/src/pytorch/torch/_logging/structured.py:28] {"str": ["/home/z50063656/Pass/src/pytorch/torch/_dynamo/eval_frame.py", 3]}
V0911 12:00:28.418000 2314988 /home/z50063656/Pass/src/pytorch/torch/_logging/structured.py:28] {"str": ["/home/z50063656/Pass/src/pytorch/torch/nn/modules/module.py", 4]}
V0911 12:00:28.418000 2314988 /home/z50063656/Pass/src/pytorch/torch/_dynamo/convert_frame.py:304] {"dynamo_start": {"stack": [{"line": 79, "name": "<module>", "filename": 1, "loc": "main()"}, {"line": 57, "name": "main", "filename": 1, "loc": "params, grads, rec = module._train_once('npu', flag_on=args.mode != 'off', reorder_on=args.mode != 'master-off')"}, {"line": 94, "name": "_train_once", "filename": 2, "loc": "compiled(x).sum().backward()"}, {"line": 563, "name": "__call__", "filename": 3, "loc": "return super().__call__(*args, **kwargs)"}, {"line": 1783, "name": "_wrapped_call_impl", "filename": 4, "loc": "return self._call_impl(*args, **kwargs)"}, {"line": 1794, "name": "_call_impl", "filename": 4, "loc": "return forward_call(*args, **kwargs)"}, {"line": 1261, "name": "compile_wrapper", "filename": 3, "loc": "result = fn(*args, **kwargs)"}, {"line": 71, "name": "forward", "filename": 2}]}, "frame_id": 0, "frame_compile_id": 0, "attempt": 0}
V0911 12:00:28.419000 2314988 /home/z50063656/Pass/src/pytorch/torch/_dynamo/utils.py:2363] {"chromium_event": {}, "frame_id": 0, "frame_compile_id": 0, "attempt": 0, "has_payload": "f6be63154e6a695f017225aaf0c80bf4"}
	{
	"name": "compile_attempt_0",
	"ts": 1789099228419127.2,
	"args": {
	"compile_id": "0/0"
	},
	"ph": "B",
	"cat": "dynamo_timed",
	"tid": 0,
	"pid": 0
	}
V0911 12:00:28.425000 2314988 /home/z50063656/Pass/src/pytorch/torch/_dynamo/utils.py:2363] {"chromium_event": {}, "frame_id": 0, "frame_compile_id": 0, "attempt": 0, "has_payload": "cc7a6e9730cfcd353a4b2f83bf075769"}
	{
	"name": "bytecode_tracing",
	"ts": 1789099228425810.2,
	"args": {
	"compile_id": "0/0"
	},
	"ph": "B",
	"cat": "dynamo_timed",
	"tid": 0,
	"pid": 0
	}
V0911 12:00:28.431000 2314988 /home/z50063656/Pass/src/pytorch/torch/_subclasses/meta_utils.py:298] {"describe_storage": {"id": 0, "describer_id": 0, "size": 1024}, "frame_id": 0, "frame_compile_id": 0, "attempt": 0}
V0911 12:00:28.432000 2314988 /home/z50063656/Pass/src/pytorch/torch/_subclasses/meta_utils.py:537] {"describe_tensor": {"id": 0, "ndim": 2, "dtype": "torch.float32", "device": "device(type='npu', index=0)", "size": [16, 16], "dynamo_hint_overrides": {}, "is_leaf": true, "requires_grad": true, "is_parameter": true, "stride": [16, 1], "storage": 0, "view_func": "_CustomViewFunc(func=<built-in method _view_func_unsafe of Parameter object at 0xfffcbd00eb20>)", "describer_id": 0}, "frame_id": 0, "frame_compile_id": 0, "attempt": 0}
V0911 12:00:28.432000 2314988 /home/z50063656/Pass/src/pytorch/torch/_subclasses/meta_utils.py:2385] {"describe_source": {"describer_id": 0, "id": 0, "source": "L['self']._parameters['w1']"}, "frame_id": 0, "frame_compile_id": 0, "attempt": 0}
V0911 12:00:28.445000 2314988 /home/z50063656/Pass/src/pytorch/torch/_subclasses/meta_utils.py:298] {"describe_storage": {"id": 1, "describer_id": 0, "size": 512}, "frame_id": 0, "frame_compile_id": 0, "attempt": 0}
V0911 12:00:28.445000 2314988 /home/z50063656/Pass/src/pytorch/torch/_subclasses/meta_utils.py:537] {"describe_tensor": {"id": 1, "ndim": 2, "dtype": "torch.float32", "device": "device(type='npu', index=0)", "size": [8, 16], "dynamo_hint_overrides": {}, "is_leaf": true, "stride": [16, 1], "storage": 1, "view_func": "_CustomViewFunc(func=<built-in method _view_func_unsafe of Tensor object at 0xfffcbd1282d0>)", "describer_id": 0}, "frame_id": 0, "frame_compile_id": 0, "attempt": 0}
V0911 12:00:28.445000 2314988 /home/z50063656/Pass/src/pytorch/torch/_subclasses/meta_utils.py:2385] {"describe_source": {"describer_id": 0, "id": 1, "source": "L['x']"}, "frame_id": 0, "frame_compile_id": 0, "attempt": 0}
V0911 12:00:28.473000 2314988 /home/z50063656/Pass/src/pytorch/torch/_subclasses/meta_utils.py:298] {"describe_storage": {"id": 2, "describer_id": 0, "size": 1024}, "frame_id": 0, "frame_compile_id": 0, "attempt": 0}
V0911 12:00:28.473000 2314988 /home/z50063656/Pass/src/pytorch/torch/_subclasses/meta_utils.py:537] {"describe_tensor": {"id": 5, "ndim": 2, "dtype": "torch.float32", "device": "device(type='npu', index=0)", "size": [16, 16], "dynamo_hint_overrides": {}, "is_leaf": true, "requires_grad": true, "is_parameter": true, "stride": [16, 1], "storage": 2, "view_func": "_CustomViewFunc(func=<built-in method _view_func_unsafe of Parameter object at 0xfffcba0973e0>)", "describer_id": 0}, "frame_id": 0, "frame_compile_id": 0, "attempt": 0}
V0911 12:00:28.473000 2314988 /home/z50063656/Pass/src/pytorch/torch/_subclasses/meta_utils.py:2385] {"describe_source": {"describer_id": 0, "id": 5, "source": "L['self']._parameters['w2']"}, "frame_id": 0, "frame_compile_id": 0, "attempt": 0}
V0911 12:00:28.492000 2314988 /home/z50063656/Pass/src/pytorch/torch/_dynamo/utils.py:2363] {"chromium_event": {}, "frame_id": 0, "frame_compile_id": 0, "attempt": 0, "has_payload": "4553451da5ee84a94dbb61a24b4313a0"}
	{
	"name": "bytecode_tracing",
	"ts": 1789099228492799.8,
	"args": {
	"compile_id": "0/0",
	"get_fake_value_time_s": 0.01834375,
	"create_proxy_time_s": 0.01702481,
	"wrap_to_fake_tensor_and_record_time_s": 0.00631253,
	"variable_builder_call_time_s": 0.02346446
	},
	"ph": "E",
	"cat": "dynamo_timed",
	"tid": 0,
	"pid": 0
	}
V0911 12:00:28.494000 2314988 /home/z50063656/Pass/src/pytorch/torch/_dynamo/utils.py:2363] {"chromium_event": {}, "frame_id": 0, "frame_compile_id": 0, "attempt": 0, "has_payload": "9a8e80a6fa4cd87d95cd2f08d73e072b"}
	{
	"name": "insert_deferred_runtime_asserts",
	"ts": 1789099228494232.0,
	"args": {
	"compile_id": "0/0"
	},
	"ph": "B",
	"cat": "dynamo_timed",
	"tid": 0,
	"pid": 0
	}
V0911 12:00:28.497000 2314988 /home/z50063656/Pass/src/pytorch/torch/_dynamo/utils.py:2363] {"chromium_event": {}, "frame_id": 0, "frame_compile_id": 0, "attempt": 0, "has_payload": "d0ba4c2829da9b70ccccccd53d2f8ead"}
	{
	"name": "insert_deferred_runtime_asserts",
	"ts": 1789099228497160.0,
	"args": {
	"compile_id": "0/0"
	},
	"ph": "E",
	"cat": "dynamo_timed",
	"tid": 0,
	"pid": 0
	}
V0911 12:00:28.499000 2314988 /home/z50063656/Pass/src/pytorch/torch/_dynamo/output_graph.py:2942] {"dynamo_output_graph": {"sizes": {"l_self_parameters_w1_": [16, 16], "l_x_": [8, 16], "l_self_parameters_w2_": [16, 16], "matmul": [8, 16], "a": [8, 16], "matmul_1": [8, 16], "b": [8, 16], "mul": [8, 16], "sin": [8, 16], "cos": [8, 16], "mul_1": [8, 16], "add": [8, 16], "sum_1": [8]}}, "frame_id": 0, "frame_compile_id": 0, "attempt": 0, "has_payload": "db6a8f4e6450cacd2bdd6cc33bde3158"}
	class GraphModule(torch.nn.Module):
	    def forward(self, L_self_parameters_w1_: "f32[16, 16][16, 1]npu:0", L_x_: "f32[8, 16][16, 1]npu:0", L_self_parameters_w2_: "f32[16, 16][16, 1]npu:0"):
	        l_self_parameters_w1_ = L_self_parameters_w1_
	        l_x_ = L_x_
	        l_self_parameters_w2_ = L_self_parameters_w2_
	
	        # File: /home/z50063656/Pass/src/pytorch/test/inductor/test_reorder_for_locality_in_training.py:72 in forward, code: a = torch.tanh(x @ self.w1)
	        matmul: "f32[8, 16][16, 1]npu:0" = l_x_ @ l_self_parameters_w1_;  l_self_parameters_w1_ = None
	        a: "f32[8, 16][16, 1]npu:0" = torch.tanh(matmul);  matmul = None
	
	        # File: /home/z50063656/Pass/src/pytorch/test/inductor/test_reorder_for_locality_in_training.py:73 in forward, code: b = torch.sigmoid(x @ self.w2)
	        matmul_1: "f32[8, 16][16, 1]npu:0" = l_x_ @ l_self_parameters_w2_;  l_x_ = l_self_parameters_w2_ = None
	        b: "f32[8, 16][16, 1]npu:0" = torch.sigmoid(matmul_1);  matmul_1 = None
	
	        # File: /home/z50063656/Pass/src/pytorch/test/inductor/test_reorder_for_locality_in_training.py:74 in forward, code: return (a * b + torch.sin(a) * torch.cos(b)).sum(dim=1)
	        mul: "f32[8, 16][16, 1]npu:0" = a * b
	        sin: "f32[8, 16][16, 1]npu:0" = torch.sin(a);  a = None
	        cos: "f32[8, 16][16, 1]npu:0" = torch.cos(b);  b = None
	        mul_1: "f32[8, 16][16, 1]npu:0" = sin * cos;  sin = cos = None
	        add: "f32[8, 16][16, 1]npu:0" = mul + mul_1;  mul = mul_1 = None
	        sum_1: "f32[8][1]npu:0" = add.sum(dim = 1);  add = None
	        return (sum_1,)
	
V0911 12:00:28.501000 2314988 /home/z50063656/Pass/src/pytorch/torch/_dynamo/utils.py:2363] {"chromium_event": {}, "frame_id": 0, "frame_compile_id": 0, "attempt": 0, "has_payload": "cbaa092477aa2acb240c9361e5da60e0"}
	{
	"name": "backend_compile",
	"ts": 1789099228500815.8,
	"args": {
	"fn_name": "OutputGraph.call_user_compiler",
	"compile_id": "0/0"
	},
	"ph": "B",
	"cat": "dynamo_timed",
	"tid": 0,
	"pid": 0
	}
V0911 12:00:28.507000 2314988 /home/z50063656/Pass/src/pytorch/torch/_inductor/compile_fx.py:2841] {"artifact": {"name": "before_pre_grad_graph", "encoding": "string"}, "frame_id": 0, "frame_compile_id": 0, "attempt": 0, "has_payload": "da42c245f1eafba3323025c9d7c36f9c"}
	class GraphModule(torch.nn.Module):
	    def forward(self, L_self_parameters_w1_: "f32[16, 16][16, 1]npu:0", L_x_: "f32[8, 16][16, 1]npu:0", L_self_parameters_w2_: "f32[16, 16][16, 1]npu:0"):
	        l_self_parameters_w1_ = L_self_parameters_w1_
	        l_x_ = L_x_
	        l_self_parameters_w2_ = L_self_parameters_w2_
	
	        # File: /home/z50063656/Pass/src/pytorch/test/inductor/test_reorder_for_locality_in_training.py:72 in forward, code: a = torch.tanh(x @ self.w1)
	        matmul: "f32[8, 16][16, 1]npu:0" = l_x_ @ l_self_parameters_w1_;  l_self_parameters_w1_ = None
	        a: "f32[8, 16][16, 1]npu:0" = torch.tanh(matmul);  matmul = None
	
	        # File: /home/z50063656/Pass/src/pytorch/test/inductor/test_reorder_for_locality_in_training.py:73 in forward, code: b = torch.sigmoid(x @ self.w2)
	        matmul_1: "f32[8, 16][16, 1]npu:0" = l_x_ @ l_self_parameters_w2_;  l_x_ = l_self_parameters_w2_ = None
	        b: "f32[8, 16][16, 1]npu:0" = torch.sigmoid(matmul_1);  matmul_1 = None
	
	        # File: /home/z50063656/Pass/src/pytorch/test/inductor/test_reorder_for_locality_in_training.py:74 in forward, code: return (a * b + torch.sin(a) * torch.cos(b)).sum(dim=1)
	        mul: "f32[8, 16][16, 1]npu:0" = a * b
	        sin: "f32[8, 16][16, 1]npu:0" = torch.sin(a);  a = None
	        cos: "f32[8, 16][16, 1]npu:0" = torch.cos(b);  b = None
	        mul_1: "f32[8, 16][16, 1]npu:0" = sin * cos;  sin = cos = None
	        add: "f32[8, 16][16, 1]npu:0" = mul + mul_1;  mul = mul_1 = None
	        sum_1: "f32[8][1]npu:0" = add.sum(dim = 1);  add = None
	        return (sum_1,)
	
	
	 # graph id: 281460967930000
V0911 12:00:28.507000 2314988 /home/z50063656/Pass/src/pytorch/torch/_dynamo/utils.py:2363] {"chromium_event": {}, "frame_id": 0, "frame_compile_id": 0, "attempt": 0, "has_payload": "235b4c8cb378855c4f208b632fdf8051"}
	{
	"name": "_recursive_pre_grad_passes",
	"ts": 1789099228507547.2,
	"args": {
	"compile_id": "0/0"
	},
	"ph": "B",
	"cat": "dynamo_timed",
	"tid": 0,
	"pid": 0
	}
V0911 12:00:28.513000 2314988 /home/z50063656/Pass/src/pytorch/torch/_dynamo/utils.py:2363] {"chromium_event": {}, "frame_id": 0, "frame_compile_id": 0, "attempt": 0, "has_payload": "9940bd7296291f7fb9c749baa02ab57d"}
	{
	"name": "pass.pre_grad_passes.group_batch_fusion_passes",
	"ts": 1789099228513221.2,
	"args": {
	"compile_id": "0/0"
	},
	"ph": "B",
	"cat": "dynamo_timed",
	"tid": 0,
	"pid": 0
	}
V0911 12:00:28.513000 2314988 /home/z50063656/Pass/src/pytorch/torch/_dynamo/utils.py:2363] {"chromium_event": {}, "frame_id": 0, "frame_compile_id": 0, "attempt": 0, "has_payload": "c7ec72b363ba38c691dd1986016790c0"}
	{
	"name": "pass.pre_grad_passes.group_batch_fusion_passes",
	"ts": 1789099228513476.2,
	"args": {
	"compile_id": "0/0"
	},
	"ph": "E",
	"cat": "dynamo_timed",
	"tid": 0,
	"pid": 0
	}
V0911 12:00:28.513000 2314988 /home/z50063656/Pass/src/pytorch/torch/_dynamo/utils.py:2363] {"chromium_event": {}, "frame_id": 0, "frame_compile_id": 0, "attempt": 0, "has_payload": "96d3233d4b682f2148e10107e66cb019"}
	{
	"name": "pass.pre_grad_passes.efficient_conv_bn_eval_pass",
	"ts": 1789099228513746.2,
	"args": {
	"compile_id": "0/0"
	},
	"ph": "B",
	"cat": "dynamo_timed",
	"tid": 0,
	"pid": 0
	}
V0911 12:00:28.514000 2314988 /home/z50063656/Pass/src/pytorch/torch/_dynamo/utils.py:2363] {"chromium_event": {}, "frame_id": 0, "frame_compile_id": 0, "attempt": 0, "has_payload": "15f7fcf7b227786925a28decb4a039ce"}
	{
	"name": "pass.pre_grad_passes.efficient_conv_bn_eval_pass",
	"ts": 1789099228514596.2,
	"args": {
	"compile_id": "0/0"
	},
	"ph": "E",
	"cat": "dynamo_timed",
	"tid": 0,
	"pid": 0
	}
V0911 12:00:28.514000 2314988 /home/z50063656/Pass/src/pytorch/torch/_dynamo/utils.py:2363] {"chromium_event": {}, "frame_id": 0, "frame_compile_id": 0, "attempt": 0, "has_payload": "a4ab2ba34fe865794db01eda1aa28cf6"}
	{
	"name": "pass.pre_grad_passes.apply_gumbel_max_trick_pass",
	"ts": 1789099228514895.0,
	"args": {
	"compile_id": "0/0"
	},
	"ph": "B",
	"cat": "dynamo_timed",
	"tid": 0,
	"pid": 0
	}
V0911 12:00:28.515000 2314988 /home/z50063656/Pass/src/pytorch/torch/_dynamo/utils.py:2363] {"chromium_event": {}, "frame_id": 0, "frame_compile_id": 0, "attempt": 0, "has_payload": "6bbdba919a51818bc8754270c2ce39b9"}
	{
	"name": "pass.pre_grad_passes.apply_gumbel_max_trick_pass",
	"ts": 1789099228515160.0,
	"args": {
	"compile_id": "0/0"
	},
	"ph": "E",
	"cat": "dynamo_timed",
	"tid": 0,
	"pid": 0
	}
V0911 12:00:28.516000 2314988 /home/z50063656/Pass/src/pytorch/torch/_dynamo/utils.py:2363] {"chromium_event": {}, "frame_id": 0, "frame_compile_id": 0, "attempt": 0, "has_payload": "380147f6bc015f9f4c6d2076f2a9829c"}
	{
	"name": "_recursive_pre_grad_passes",
	"ts": 1789099228516894.0,
	"args": {
	"compile_id": "0/0"
	},
	"ph": "E",
	"cat": "dynamo_timed",
	"tid": 0,
	"pid": 0
	}
V0911 12:00:28.518000 2314988 /home/z50063656/Pass/src/pytorch/torch/_inductor/compile_fx.py:2872] {"artifact": {"name": "after_pre_grad_graph", "encoding": "string"}, "frame_id": 0, "frame_compile_id": 0, "attempt": 0, "has_payload": "da42c245f1eafba3323025c9d7c36f9c"}
	class GraphModule(torch.nn.Module):
	    def forward(self, L_self_parameters_w1_: "f32[16, 16][16, 1]npu:0", L_x_: "f32[8, 16][16, 1]npu:0", L_self_parameters_w2_: "f32[16, 16][16, 1]npu:0"):
	        l_self_parameters_w1_ = L_self_parameters_w1_
	        l_x_ = L_x_
	        l_self_parameters_w2_ = L_self_parameters_w2_
	
	        # File: /home/z50063656/Pass/src/pytorch/test/inductor/test_reorder_for_locality_in_training.py:72 in forward, code: a = torch.tanh(x @ self.w1)
	        matmul: "f32[8, 16][16, 1]npu:0" = l_x_ @ l_self_parameters_w1_;  l_self_parameters_w1_ = None
	        a: "f32[8, 16][16, 1]npu:0" = torch.tanh(matmul);  matmul = None
	
	        # File: /home/z50063656/Pass/src/pytorch/test/inductor/test_reorder_for_locality_in_training.py:73 in forward, code: b = torch.sigmoid(x @ self.w2)
	        matmul_1: "f32[8, 16][16, 1]npu:0" = l_x_ @ l_self_parameters_w2_;  l_x_ = l_self_parameters_w2_ = None
	        b: "f32[8, 16][16, 1]npu:0" = torch.sigmoid(matmul_1);  matmul_1 = None
	
	        # File: /home/z50063656/Pass/src/pytorch/test/inductor/test_reorder_for_locality_in_training.py:74 in forward, code: return (a * b + torch.sin(a) * torch.cos(b)).sum(dim=1)
	        mul: "f32[8, 16][16, 1]npu:0" = a * b
	        sin: "f32[8, 16][16, 1]npu:0" = torch.sin(a);  a = None
	        cos: "f32[8, 16][16, 1]npu:0" = torch.cos(b);  b = None
	        mul_1: "f32[8, 16][16, 1]npu:0" = sin * cos;  sin = cos = None
	        add: "f32[8, 16][16, 1]npu:0" = mul + mul_1;  mul = mul_1 = None
	        sum_1: "f32[8][1]npu:0" = add.sum(dim = 1);  add = None
	        return (sum_1,)
	
	
	 # graph id: 281460967930000
V0911 12:00:28.518000 2314988 /home/z50063656/Pass/src/pytorch/torch/_dynamo/utils.py:2363] {"chromium_event": {}, "frame_id": 0, "frame_compile_id": 0, "attempt": 0, "has_payload": "5c3cbbe9796418f66d2e6a05e20af42c"}
	{
	"name": "create_aot_dispatcher_function",
	"ts": 1789099228518578.0,
	"args": {
	"compile_id": "0/0"
	},
	"ph": "B",
	"cat": "dynamo_timed",
	"tid": 0,
	"pid": 0
	}
V0911 12:00:28.525000 2314988 /home/z50063656/Pass/src/pytorch/torch/_dynamo/utils.py:2363] {"chromium_event": {}, "frame_id": 0, "frame_compile_id": 0, "attempt": 0, "has_payload": "cb6b64cee237c89bda70bd3b3a7ed3c1"}
	{
	"name": "aot_collect_metadata",
	"ts": 1789099228525606.5,
	"args": {
	"compile_id": "0/0"
	},
	"ph": "B",
	"cat": "dynamo_timed",
	"tid": 0,
	"pid": 0
	}
V0911 12:00:28.556000 2314988 /home/z50063656/Pass/src/pytorch/torch/_dynamo/utils.py:2363] {"chromium_event": {}, "frame_id": 0, "frame_compile_id": 0, "attempt": 0, "has_payload": "90003bbdee5fc0b0bef7dc60032a0fa0"}
	{
	"name": "aot_collect_metadata",
	"ts": 1789099228556656.2,
	"args": {
	"compile_id": "0/0"
	},
	"ph": "E",
	"cat": "dynamo_timed",
	"tid": 0,
	"pid": 0
	}
V0911 12:00:28.557000 2314988 /home/z50063656/Pass/src/pytorch/torch/_dynamo/utils.py:2363] {"chromium_event": {}, "frame_id": 0, "frame_compile_id": 0, "attempt": 0, "has_payload": "5c304837c0bd56698c854ad454fd2b80"}
	{
	"name": "aot_trace_joint_graph",
	"ts": 1789099228557118.8,
	"args": {
	"compile_id": "0/0"
	},
	"ph": "B",
	"cat": "dynamo_timed",
	"tid": 0,
	"pid": 0
	}
V0911 12:00:28.640000 2314988 /home/z50063656/Pass/src/pytorch/torch/_dynamo/utils.py:2363] {"chromium_event": {}, "frame_id": 0, "frame_compile_id": 0, "attempt": 0, "has_payload": "c25607c12dc4bd98e2152a47e7d7b948"}
	{
	"name": "aot_trace_joint_graph",
	"ts": 1789099228640594.8,
	"args": {
	"compile_id": "0/0"
	},
	"ph": "E",
	"cat": "dynamo_timed",
	"tid": 0,
	"pid": 0
	}
V0911 12:00:28.645000 2314988 /home/z50063656/Pass/src/pytorch/torch/_functorch/_aot_autograd/graph_compile.py:1820] {"aot_joint_graph": {}, "frame_id": 0, "frame_compile_id": 0, "attempt": 0, "has_payload": "b45087d352842eac3f02fce08b4ede18"}
	class inner_f(torch.nn.Module):
	    def forward(
	        self,
	        primals,
	        tangents,
	    ):
	        primals_1: "f32[16, 16][16, 1]npu:0"  # PlainAOTInput(idx=0)
	        primals_2: "f32[8, 16][16, 1]npu:0"  # PlainAOTInput(idx=1)
	        primals_3: "f32[16, 16][16, 1]npu:0"  # PlainAOTInput(idx=2)
	        tangents_1: "f32[8][1]npu:0"  # TangentAOTInput(output=PlainAOTOutput(idx=0))
	        primals_1, primals_2, primals_3, tangents_1, = fx_pytree.tree_flatten_spec([primals, tangents], self._in_spec)
	        # File: /home/z50063656/Pass/src/pytorch/test/inductor/test_reorder_for_locality_in_training.py:72 in forward, code: a = torch.tanh(x @ self.w1)
	        mm: "f32[8, 16][16, 1]npu:0" = torch.ops.aten.mm.default(primals_2, primals_1)
	        tanh: "f32[8, 16][16, 1]npu:0" = torch.ops.aten.tanh.default(mm);  mm = None
	        alias: "f32[8, 16][16, 1]npu:0" = torch.ops.aten.alias.default(tanh)
	
	        # File: /home/z50063656/Pass/src/pytorch/test/inductor/test_reorder_for_locality_in_training.py:73 in forward, code: b = torch.sigmoid(x @ self.w2)
	        mm_1: "f32[8, 16][16, 1]npu:0" = torch.ops.aten.mm.default(primals_2, primals_3)
	        sigmoid: "f32[8, 16][16, 1]npu:0" = torch.ops.aten.sigmoid.default(mm_1);  mm_1 = None
	        alias_1: "f32[8, 16][16, 1]npu:0" = torch.ops.aten.alias.default(sigmoid)
	
	        # File: /home/z50063656/Pass/src/pytorch/test/inductor/test_reorder_for_locality_in_training.py:74 in forward, code: return (a * b + torch.sin(a) * torch.cos(b)).sum(dim=1)
	        mul: "f32[8, 16][16, 1]npu:0" = torch.ops.aten.mul.Tensor(tanh, sigmoid)
	        sin: "f32[8, 16][16, 1]npu:0" = torch.ops.aten.sin.default(tanh)
	        cos: "f32[8, 16][16, 1]npu:0" = torch.ops.aten.cos.default(sigmoid)
	        mul_1: "f32[8, 16][16, 1]npu:0" = torch.ops.aten.mul.Tensor(sin, cos)
	        add: "f32[8, 16][16, 1]npu:0" = torch.ops.aten.add.Tensor(mul, mul_1);  mul = mul_1 = None
	        sum_1: "f32[8][1]npu:0" = torch.ops.aten.sum.dim_IntList(add, [1]);  add = None
	
	        # Backward of forward node: File: /home/z50063656/Pass/src/pytorch/test/inductor/test_reorder_for_locality_in_training.py:74 in forward, code: return (a * b + torch.sin(a) * torch.cos(b)).sum(dim=1)
	        unsqueeze: "f32[8, 1][1, 1]npu:0" = torch.ops.aten.unsqueeze.default(tangents_1, 1);  tangents_1 = None
	        expand: "f32[8, 16][1, 0]npu:0" = torch.ops.aten.expand.default(unsqueeze, [8, 16]);  unsqueeze = None
	        mul_2: "f32[8, 16][16, 1]npu:0" = torch.ops.aten.mul.Tensor(expand, sin);  sin = None
	        mul_3: "f32[8, 16][16, 1]npu:0" = torch.ops.aten.mul.Tensor(expand, cos);  cos = None
	        sin_1: "f32[8, 16][16, 1]npu:0" = torch.ops.aten.sin.default(sigmoid)
	        neg: "f32[8, 16][16, 1]npu:0" = torch.ops.aten.neg.default(sin_1);  sin_1 = None
	        mul_4: "f32[8, 16][16, 1]npu:0" = torch.ops.aten.mul.Tensor(mul_2, neg);  mul_2 = neg = None
	        cos_1: "f32[8, 16][16, 1]npu:0" = torch.ops.aten.cos.default(tanh)
	        mul_5: "f32[8, 16][16, 1]npu:0" = torch.ops.aten.mul.Tensor(mul_3, cos_1);  mul_3 = cos_1 = None
	        mul_6: "f32[8, 16][16, 1]npu:0" = torch.ops.aten.mul.Tensor(expand, tanh);  tanh = None
	        mul_7: "f32[8, 16][16, 1]npu:0" = torch.ops.aten.mul.Tensor(expand, sigmoid);  expand = sigmoid = None
	        add_1: "f32[8, 16][16, 1]npu:0" = torch.ops.aten.add.Tensor(mul_5, mul_7);  mul_5 = mul_7 = None
	        add_2: "f32[8, 16][16, 1]npu:0" = torch.ops.aten.add.Tensor(mul_4, mul_6);  mul_4 = mul_6 = None
	
	        # Backward of forward node: File: /home/z50063656/Pass/src/pytorch/test/inductor/test_reorder_for_locality_in_training.py:73 in forward, code: b = torch.sigmoid(x @ self.w2)
	        alias_2: "f32[8, 16][16, 1]npu:0" = torch.ops.aten.alias.default(alias_1);  alias_1 = None
	        sub: "f32[8, 16][16, 1]npu:0" = torch.ops.aten.sub.Tensor(1, alias_2)
	        mul_8: "f32[8, 16][16, 1]npu:0" = torch.ops.aten.mul.Tensor(alias_2, sub);  alias_2 = sub = None
	        mul_9: "f32[8, 16][16, 1]npu:0" = torch.ops.aten.mul.Tensor(add_2, mul_8);  add_2 = mul_8 = None
	        matmul_backward = torch.ops.aten.matmul_backward.default(mul_9, primals_2, primals_3, [False, True]);  mul_9 = primals_3 = None
	        getitem_1: "f32[16, 16][16, 1]npu:0" = matmul_backward[1];  matmul_backward = None
	
	        # Backward of forward node: File: /home/z50063656/Pass/src/pytorch/test/inductor/test_reorder_for_locality_in_training.py:72 in forward, code: a = torch.tanh(x @ self.w1)
	        alias_3: "f32[8, 16][16, 1]npu:0" = torch.ops.aten.alias.default(alias);  alias = None
	        mul_10: "f32[8, 16][16, 1]npu:0" = torch.ops.aten.mul.Tensor(alias_3, alias_3);  alias_3 = None
	        sub_1: "f32[8, 16][16, 1]npu:0" = torch.ops.aten.sub.Tensor(1, mul_10);  mul_10 = None
	        mul_11: "f32[8, 16][16, 1]npu:0" = torch.ops.aten.mul.Tensor(add_1, sub_1);  add_1 = sub_1 = None
	        matmul_backward_1 = torch.ops.aten.matmul_backward.default(mul_11, primals_2, primals_1, [False, True]);  mul_11 = primals_2 = primals_1 = None
	        getitem_3: "f32[16, 16][16, 1]npu:0" = matmul_backward_1[1];  matmul_backward_1 = None
	        return pytree.tree_unflatten([
	            sum_1,  # PlainAOTOutput(idx=0)
	            getitem_3,  # GradAOTOutput(grad_of=PlainAOTInput(idx=0))
	            None,  # None
	            getitem_1,  # GradAOTOutput(grad_of=PlainAOTInput(idx=2))
	        ], self._out_spec)
	
V0911 12:00:28.646000 2314988 /home/z50063656/Pass/src/pytorch/torch/_dynamo/utils.py:2363] {"chromium_event": {}, "frame_id": 0, "frame_compile_id": 0, "attempt": 0, "has_payload": "e39d7afc2d49882a7ec731608f433457"}
	{
	"name": "_recursive_joint_graph_passes",
	"ts": 1789099228646357.5,
	"args": {
	"compile_id": "0/0"
	},
	"ph": "B",
	"cat": "dynamo_timed",
	"tid": 0,
	"pid": 0
	}
V0911 12:00:29.068000 2314988 /home/z50063656/Pass/src/pytorch/torch/_dynamo/utils.py:2363] {"chromium_event": {}, "frame_id": 0, "frame_compile_id": 0, "attempt": 0, "has_payload": "3c823d3a80f420f3925b7b5d7eeb0f55"}
	{
	"name": "pass.joint_graph_passes.remove_noop_ops",
	"ts": 1789099229068637.8,
	"args": {
	"compile_id": "0/0"
	},
	"ph": "B",
	"cat": "dynamo_timed",
	"tid": 0,
	"pid": 0
	}
V0911 12:00:29.069000 2314988 /home/z50063656/Pass/src/pytorch/torch/_dynamo/utils.py:2363] {"chromium_event": {}, "frame_id": 0, "frame_compile_id": 0, "attempt": 0, "has_payload": "6c6b69fb26fd153b202009bde8439b79"}
	{
	"name": "pass.joint_graph_passes.remove_noop_ops",
	"ts": 1789099229069751.0,
	"args": {
	"compile_id": "0/0"
	},
	"ph": "E",
	"cat": "dynamo_timed",
	"tid": 0,
	"pid": 0
	}
V0911 12:00:29.070000 2314988 /home/z50063656/Pass/src/pytorch/torch/_dynamo/utils.py:2363] {"chromium_event": {}, "frame_id": 0, "frame_compile_id": 0, "attempt": 0, "has_payload": "1a42b4cd7a07a5e334a01d4bc889e5df"}
	{
	"name": "pass.joint_graph_passes.constant_fold_uniform_value",
	"ts": 1789099229070208.5,
	"args": {
	"compile_id": "0/0"
	},
	"ph": "B",
	"cat": "dynamo_timed",
	"tid": 0,
	"pid": 0
	}
V0911 12:00:29.072000 2314988 /home/z50063656/Pass/src/pytorch/torch/_dynamo/utils.py:2363] {"chromium_event": {}, "frame_id": 0, "frame_compile_id": 0, "attempt": 0, "has_payload": "8787ec070a0339d402be47c40e921458"}
	{
	"name": "pass.joint_graph_passes.constant_fold_uniform_value",
	"ts": 1789099229072466.5,
	"args": {
	"compile_id": "0/0"
	},
	"ph": "E",
	"cat": "dynamo_timed",
	"tid": 0,
	"pid": 0
	}
V0911 12:00:29.072000 2314988 /home/z50063656/Pass/src/pytorch/torch/_dynamo/utils.py:2363] {"chromium_event": {}, "frame_id": 0, "frame_compile_id": 0, "attempt": 0, "has_payload": "a7c5b583951d10b9a319b44b185e99ea"}
	{
	"name": "pass.joint_graph_passes.pass_pattern_0",
	"ts": 1789099229072911.0,
	"args": {
	"compile_id": "0/0"
	},
	"ph": "B",
	"cat": "dynamo_timed",
	"tid": 0,
	"pid": 0
	}
V0911 12:00:29.077000 2314988 /home/z50063656/Pass/src/pytorch/torch/_dynamo/utils.py:2363] {"chromium_event": {}, "frame_id": 0, "frame_compile_id": 0, "attempt": 0, "has_payload": "68d216b4f0dbd18fe901618e1dcf63f6"}
	{
	"name": "pass.joint_graph_passes.pass_pattern_0",
	"ts": 1789099229077192.0,
	"args": {
	"compile_id": "0/0"
	},
	"ph": "E",
	"cat": "dynamo_timed",
	"tid": 0,
	"pid": 0
	}
V0911 12:00:29.077000 2314988 /home/z50063656/Pass/src/pytorch/torch/_dynamo/utils.py:2363] {"chromium_event": {}, "frame_id": 0, "frame_compile_id": 0, "attempt": 0, "has_payload": "80a95f531ac6fc297fbfd5339eca4c43"}
	{
	"name": "pass.joint_graph_passes.pass_pattern_1",
	"ts": 1789099229077486.5,
	"args": {
	"compile_id": "0/0"
	},
	"ph": "B",
	"cat": "dynamo_timed",
	"tid": 0,
	"pid": 0
	}
V0911 12:00:29.078000 2314988 /home/z50063656/Pass/src/pytorch/torch/_dynamo/utils.py:2363] {"chromium_event": {}, "frame_id": 0, "frame_compile_id": 0, "attempt": 0, "has_payload": "7049d6628dfd4fdad867d0e8d5b20285"}
	{
	"name": "pass.joint_graph_passes.pass_pattern_1",
	"ts": 1789099229078493.0,
	"args": {
	"compile_id": "0/0"
	},
	"ph": "E",
	"cat": "dynamo_timed",
	"tid": 0,
	"pid": 0
	}
V0911 12:00:29.079000 2314988 /home/z50063656/Pass/src/pytorch/torch/_dynamo/utils.py:2363] {"chromium_event": {}, "frame_id": 0, "frame_compile_id": 0, "attempt": 0, "has_payload": "fac516153cf95105560469d7cdb7e5ee"}
	{
	"name": "_recursive_joint_graph_passes",
	"ts": 1789099229079142.8,
	"args": {
	"compile_id": "0/0"
	},
	"ph": "E",
	"cat": "dynamo_timed",
	"tid": 0,
	"pid": 0
	}
V0911 12:00:29.079000 2314988 /home/z50063656/Pass/src/pytorch/torch/_dynamo/utils.py:2363] {"chromium_event": {}, "frame_id": 0, "frame_compile_id": 0, "attempt": 0, "has_payload": "0d1055ad5ef43a96afee18d799d83675"}
	{
	"name": "min_cut_rematerialization_partition",
	"ts": 1789099229079370.0,
	"args": {
	"compile_id": "0/0"
	},
	"ph": "B",
	"cat": "dynamo_timed",
	"tid": 0,
	"pid": 0
	}
V0911 12:00:29.113000 2314988 /home/z50063656/Pass/src/pytorch/torch/_dynamo/utils.py:2363] {"chromium_event": {}, "frame_id": 0, "frame_compile_id": 0, "attempt": 0, "has_payload": "2822e05b0d104e958d858e18a6a91ba1"}
	{
	"name": "min_cut_rematerialization_partition",
	"ts": 1789099229113824.8,
	"args": {
	"compile_id": "0/0"
	},
	"ph": "E",
	"cat": "dynamo_timed",
	"tid": 0,
	"pid": 0
	}
V0911 12:00:29.114000 2314988 /home/z50063656/Pass/src/pytorch/torch/_functorch/_aot_autograd/graph_compile.py:1841] {"artifact": {"name": "torch._functorch.config", "encoding": "string"}, "frame_id": 0, "frame_compile_id": 0, "attempt": 0, "has_payload": "8f1f6412327900337000bb50dbfd21c8"}
	{
	"TYPE_CHECKING": false,
	"_save_config_ignore": [
	"joint_custom_pass",
	"activation_memory_budget_runtime_estimator",
	"activation_memory_budget_solver"
	],
	"functionalize_rng_ops": false,
	"fake_tensor_allow_meta": true,
	"debug_assert": false,
	"debug_partitioner": true,
	"decompose_custom_triton_ops": true,
	"static_weight_shapes": true,
	"treat_parameters_as_free_to_save": true,
	"cse": true,
	"unsafe_treat_script_objects_as_zero_size": false,
	"enable_autograd_cache": true,
	"autograd_cache_allow_custom_autograd_functions": false,
	"bundled_autograd_cache": false,
	"bypass_autograd_cache_key": false,
	"autograd_cache_normalize_inputs": true,
	"check_custom_op_aliasing": true,
	"error_on_custom_op_aliasing": false,
	"enable_remote_autograd_cache": null,
	"view_replay_for_aliased_outputs": true,
	"max_dist_from_bw": 1000,
	"ban_recompute_used_far_apart": true,
	"ban_recompute_long_fusible_chains": true,
	"ban_recompute_materialized_backward": true,
	"ban_recompute_not_in_allowlist": true,
	"ban_recompute_reductions": true,
	"recompute_views": false,
	"is_non_builtin_to_include": false,
	"remat_using_tags_for_fwd_loss_bwd_graph": true,
	"activation_memory_budget": 1.0,
	"visualize_memory_budget_pareto": false,
	"memory_budget_pareto_dir": null,
	"aggressive_recomputation": false,
	"enable_activation_offloading": false,
	"activation_offload_separate_stream": false,
	"activation_offload_sink_wait": false,
	"activation_reload_prefetch": false,
	"activation_offload_cpu_gpu_bw": 50.0,
	"fake_tensor_allow_unsafe_data_ptr_access": true,
	"unlift_effect_tokens": true,
	"custom_op_default_layout_constraint": "needs_exact_strides",
	"fake_tensor_crossref": false,
	"fake_tensor_propagate_real_tensors": false,
	"backward_pass_autocast": "same_as_forward",
	"donated_buffer": true,
	"torch_compile_graph_format": "svg",
	"generate_fake_kernels_from_real_mismatches": false,
	"fake_tensor_prefer_device_type": null,
	"graphsafe_rng_functionalization": true,
	"force_non_lazy_backward_lowering": false,
	"_test_disable_functionalization": true,
	"strict_autograd_cache": false,
	"unsafe_allow_optimization_of_collectives": false,
	"disable_guess_zero_tangent_for_mutated_input_subclass": false,
	"guess_tangent_strides_as_outputs": true,
	"_sync_decision_cross_ranks": false,
	"saved_tensors_hooks_filtering_mode": "donated",
	"force_autograd_cache": false,
	"selective_decompose": false,
	"enable_complex_wrapper": false
	}
V0911 12:00:29.120000 2314988 /home/z50063656/Pass/src/pytorch/torch/_functorch/_aot_autograd/graph_compile.py:1891] {"artifact": {"name": "aot_forward_graph_fw_metadata", "encoding": "string"}, "frame_id": 0, "frame_compile_id": 0, "attempt": 0, "has_payload": "12441c659057f893e67d3d20f552faa4"}
	ViewAndMutationMeta(input_info=[InputAliasInfo(is_leaf=True,
	                                              mutates_data=False,
	                                              mutates_metadata=False,
	                                              mutations_hidden_from_autograd=True,
	                                              mutations_under_no_grad_or_inference_mode=False,
	                                              mutation_inductor_storage_resize=False,
	                                              mutates_storage_metadata=False,
	                                              mutation_is_shallow_copy_data=False,
	                                              requires_grad=True,
	                                              keep_input_mutations=True),
	                               InputAliasInfo(is_leaf=True,
	                                              mutates_data=False,
	                                              mutates_metadata=False,
	                                              mutations_hidden_from_autograd=True,
	                                              mutations_under_no_grad_or_inference_mode=False,
	                                              mutation_inductor_storage_resize=False,
	                                              mutates_storage_metadata=False,
	                                              mutation_is_shallow_copy_data=False,
	                                              requires_grad=False,
	                                              keep_input_mutations=True),
	                               InputAliasInfo(is_leaf=True,
	                                              mutates_data=False,
	                                              mutates_metadata=False,
	                                              mutations_hidden_from_autograd=True,
	                                              mutations_under_no_grad_or_inference_mode=False,
	                                              mutation_inductor_storage_resize=False,
	                                              mutates_storage_metadata=False,
	                                              mutation_is_shallow_copy_data=False,
	                                              requires_grad=True,
	                                              keep_input_mutations=True)],
	                    output_info=[OutputAliasInfo(output_type=<OutputType.non_alias: 1>,
	                                                raw_type=<class 'torch._subclasses.functional_tensor.FunctionalTensor'>,
	                                                base_idx=None,
	                                                dynamic_dims=set(),
	                                                requires_grad=True,
	                                                requires_grad_for_backward=True,
	                                                view_meta_sequence=None)],
	                    num_intermediate_bases=0,
	                    keep_input_mutations=True,
	                    traced_tangents=[FakeTensor(..., device='npu:0', size=(8,))],
	                    traced_tangents_descs=[TangentAOTInput(output=PlainAOTOutput(idx=0))],
	                    subclass_inp_meta=[PlainTensorMeta(unwrapped_idx=0,
	                                                      memory_format=None,
	                                                      size_symbol_placeholders=(),
	                                                      stride_symbol_placeholders=()),
	                                      PlainTensorMeta(unwrapped_idx=1,
	                                                      memory_format=None,
	                                                      size_symbol_placeholders=(),
	                                                      stride_symbol_placeholders=()),
	                                      PlainTensorMeta(unwrapped_idx=2,
	                                                      memory_format=None,
	                                                      size_symbol_placeholders=(),
	                                                      stride_symbol_placeholders=())],
	                    subclass_fw_graph_out_meta=[PlainTensorMeta(unwrapped_idx=0,
	                                                               memory_format=None,
	                                                               size_symbol_placeholders=(),
	                                                               stride_symbol_placeholders=())],
	                    subclass_tangent_meta=[PlainTensorMeta(unwrapped_idx=0,
	                                                          memory_format=MemoryFormatMeta(size=torch.Size([8]),
	                                                                                         stride=(1,),
	                                                                                         memory_format=None),
	                                                          size_symbol_placeholders=(),
	                                                          stride_symbol_placeholders=())],
	                    traced_tangent_metas=None,
	                    num_symints_saved_for_bw=0,
	                    num_tensors_saved_with_no_vc_check=0,
	                    num_opaque_objects_saved_for_bw=0,
	                    saved_tensor_is_graph_input=[True,
	                                                True,
	                                                True,
	                                                False,
	                                                False],
	                    grad_enabled_mutation=None,
	                    deterministic=False,
	                    static_input_indices=[0, 2],
	                    act_input_paths=[],
	                    tokens={},
	                    indices_of_inputs_that_requires_grad_with_mutations_in_bw=[],
	                    bw_donated_idxs=[3, 4],
	                    num_backward_tokens=0,
	                    num_graphsafe_rng_states=0,
	                    graphsafe_rng_state_index=None,
	                    graphsafe_rng_device=None,
	                    mutated_inp_stream_indices=[],
	                    compile_id_str=None,
	                    tangent_source_stack_traces=['  File '
	                                                '"/home/z50063656/Pass/src/pytorch/test/inductor/test_reorder_for_locality_in_training.py", '
	                                                'line 74, in forward\n'
	                                                '    return (a * b + '
	                                                'torch.sin(a) * '
	                                                'torch.cos(b)).sum(dim=1)\n'
	                                                '           '
	                                                '^^^^^^^^^^^^^^^^^^^^^^^^^^^^^^^^^^^^^^^^^^^^^^^^\n'])
V0911 12:00:29.121000 2314988 /home/z50063656/Pass/src/pytorch/torch/_functorch/_aot_autograd/graph_compile.py:1909] {"aot_forward_graph": {}, "frame_id": 0, "frame_compile_id": 0, "attempt": 0, "has_payload": "3e8cac66f2808713e45f5167fa273c30"}
	class GraphModule(torch.nn.Module):
	    def forward(
	        self,
	        primals_1: "f32[16, 16][16, 1]npu:0",  # PlainAOTInput(idx=0)
	        primals_2: "f32[8, 16][16, 1]npu:0",  # PlainAOTInput(idx=1)
	        primals_3: "f32[16, 16][16, 1]npu:0",  # PlainAOTInput(idx=2)
	    ):
	        # File: /home/z50063656/Pass/src/pytorch/test/inductor/test_reorder_for_locality_in_training.py:72 in forward, code: a = torch.tanh(x @ self.w1)
	        mm: "f32[8, 16][16, 1]npu:0" = torch.ops.aten.mm.default(primals_2, primals_1)
	        tanh: "f32[8, 16][16, 1]npu:0" = torch.ops.aten.tanh.default(mm)
	
	        # File: /home/z50063656/Pass/src/pytorch/test/inductor/test_reorder_for_locality_in_training.py:73 in forward, code: b = torch.sigmoid(x @ self.w2)
	        mm_1: "f32[8, 16][16, 1]npu:0" = torch.ops.aten.mm.default(primals_2, primals_3)
	        sigmoid: "f32[8, 16][16, 1]npu:0" = torch.ops.aten.sigmoid.default(mm_1)
	
	        # File: /home/z50063656/Pass/src/pytorch/test/inductor/test_reorder_for_locality_in_training.py:74 in forward, code: return (a * b + torch.sin(a) * torch.cos(b)).sum(dim=1)
	        mul: "f32[8, 16][16, 1]npu:0" = torch.ops.aten.mul.Tensor(tanh, sigmoid)
	        sin: "f32[8, 16][16, 1]npu:0" = torch.ops.aten.sin.default(tanh);  tanh = None
	        cos: "f32[8, 16][16, 1]npu:0" = torch.ops.aten.cos.default(sigmoid);  sigmoid = None
	        mul_1: "f32[8, 16][16, 1]npu:0" = torch.ops.aten.mul.Tensor(sin, cos);  sin = cos = None
	        add: "f32[8, 16][16, 1]npu:0" = torch.ops.aten.add.Tensor(mul, mul_1);  mul = mul_1 = None
	        sum_1: "f32[8][1]npu:0" = torch.ops.aten.sum.dim_IntList(add, [1]);  add = None
	        return (
	            sum_1,  # PlainAOTOutput(idx=0)
	            primals_1,  # SavedForBackwardsAOTOutput(idx=0)
	            primals_2,  # SavedForBackwardsAOTOutput(idx=1)
	            primals_3,  # SavedForBackwardsAOTOutput(idx=2)
	            mm,  # SavedForBackwardsAOTOutput(idx=3)
	            mm_1,  # SavedForBackwardsAOTOutput(idx=4)
	        )
	
V0911 12:00:29.121000 2314988 /home/z50063656/Pass/src/pytorch/torch/_functorch/_aot_autograd/graph_compile.py:1913] {"aot_backward_graph": {}, "frame_id": 0, "frame_compile_id": 0, "attempt": 0, "has_payload": "b25763f6b00d6ccc1b1379810dd67e94"}
	class GraphModule(torch.nn.Module):
	    def forward(
	        self,
	        primals_1: "f32[16, 16][16, 1]npu:0",  # PlainAOTInput(idx=0)
	        primals_2: "f32[8, 16][16, 1]npu:0",  # PlainAOTInput(idx=1)
	        primals_3: "f32[16, 16][16, 1]npu:0",  # PlainAOTInput(idx=2)
	        mm: "f32[8, 16][16, 1]npu:0",
	        mm_1: "f32[8, 16][16, 1]npu:0",
	        tangents_1: "f32[8][1]npu:0",  # TangentAOTInput(output=PlainAOTOutput(idx=0))
	    ):
	        # Backward of forward node: File: /home/z50063656/Pass/src/pytorch/test/inductor/test_reorder_for_locality_in_training.py:74 in forward, code: return (a * b + torch.sin(a) * torch.cos(b)).sum(dim=1)
	        unsqueeze: "f32[8, 1][1, 1]npu:0" = torch.ops.aten.unsqueeze.default(tangents_1, 1);  tangents_1 = None
	        expand: "f32[8, 16][1, 0]npu:0" = torch.ops.aten.expand.default(unsqueeze, [8, 16]);  unsqueeze = None
	
	        # Backward of forward node: File: /home/z50063656/Pass/src/pytorch/test/inductor/test_reorder_for_locality_in_training.py:72 in forward, code: a = torch.tanh(x @ self.w1)
	        tanh: "f32[8, 16][16, 1]npu:0" = torch.ops.aten.tanh.default(mm);  mm = None
	
	        # Backward of forward node: File: /home/z50063656/Pass/src/pytorch/test/inductor/test_reorder_for_locality_in_training.py:74 in forward, code: return (a * b + torch.sin(a) * torch.cos(b)).sum(dim=1)
	        sin: "f32[8, 16][16, 1]npu:0" = torch.ops.aten.sin.default(tanh)
	        mul_2: "f32[8, 16][16, 1]npu:0" = torch.ops.aten.mul.Tensor(expand, sin);  sin = None
	
	        # Backward of forward node: File: /home/z50063656/Pass/src/pytorch/test/inductor/test_reorder_for_locality_in_training.py:73 in forward, code: b = torch.sigmoid(x @ self.w2)
	        sigmoid: "f32[8, 16][16, 1]npu:0" = torch.ops.aten.sigmoid.default(mm_1);  mm_1 = None
	
	        # Backward of forward node: File: /home/z50063656/Pass/src/pytorch/test/inductor/test_reorder_for_locality_in_training.py:74 in forward, code: return (a * b + torch.sin(a) * torch.cos(b)).sum(dim=1)
	        cos: "f32[8, 16][16, 1]npu:0" = torch.ops.aten.cos.default(sigmoid)
	        mul_3: "f32[8, 16][16, 1]npu:0" = torch.ops.aten.mul.Tensor(expand, cos);  cos = None
	        sin_1: "f32[8, 16][16, 1]npu:0" = torch.ops.aten.sin.default(sigmoid)
	        neg: "f32[8, 16][16, 1]npu:0" = torch.ops.aten.neg.default(sin_1);  sin_1 = None
	        mul_4: "f32[8, 16][16, 1]npu:0" = torch.ops.aten.mul.Tensor(mul_2, neg);  mul_2 = neg = None
	        cos_1: "f32[8, 16][16, 1]npu:0" = torch.ops.aten.cos.default(tanh)
	        mul_5: "f32[8, 16][16, 1]npu:0" = torch.ops.aten.mul.Tensor(mul_3, cos_1);  mul_3 = cos_1 = None
	        mul_6: "f32[8, 16][16, 1]npu:0" = torch.ops.aten.mul.Tensor(expand, tanh)
	        mul_7: "f32[8, 16][16, 1]npu:0" = torch.ops.aten.mul.Tensor(expand, sigmoid);  expand = None
	        add_1: "f32[8, 16][16, 1]npu:0" = torch.ops.aten.add.Tensor(mul_5, mul_7);  mul_5 = mul_7 = None
	        add_2: "f32[8, 16][16, 1]npu:0" = torch.ops.aten.add.Tensor(mul_4, mul_6);  mul_4 = mul_6 = None
	
	        # Backward of forward node: File: /home/z50063656/Pass/src/pytorch/test/inductor/test_reorder_for_locality_in_training.py:73 in forward, code: b = torch.sigmoid(x @ self.w2)
	        sub: "f32[8, 16][16, 1]npu:0" = torch.ops.aten.sub.Tensor(1, sigmoid)
	        mul_8: "f32[8, 16][16, 1]npu:0" = torch.ops.aten.mul.Tensor(sigmoid, sub);  sigmoid = sub = None
	        mul_9: "f32[8, 16][16, 1]npu:0" = torch.ops.aten.mul.Tensor(add_2, mul_8);  add_2 = mul_8 = None
	        matmul_backward = torch.ops.aten.matmul_backward.default(mul_9, primals_2, primals_3, [False, True]);  mul_9 = primals_3 = None
	        getitem_1: "f32[16, 16][16, 1]npu:0" = matmul_backward[1];  matmul_backward = None
	
	        # Backward of forward node: File: /home/z50063656/Pass/src/pytorch/test/inductor/test_reorder_for_locality_in_training.py:72 in forward, code: a = torch.tanh(x @ self.w1)
	        mul_10: "f32[8, 16][16, 1]npu:0" = torch.ops.aten.mul.Tensor(tanh, tanh);  tanh = None
	        sub_1: "f32[8, 16][16, 1]npu:0" = torch.ops.aten.sub.Tensor(1, mul_10);  mul_10 = None
	        mul_11: "f32[8, 16][16, 1]npu:0" = torch.ops.aten.mul.Tensor(add_1, sub_1);  add_1 = sub_1 = None
	        matmul_backward_1 = torch.ops.aten.matmul_backward.default(mul_11, primals_2, primals_1, [False, True]);  mul_11 = primals_2 = primals_1 = None
	        getitem_3: "f32[16, 16][16, 1]npu:0" = matmul_backward_1[1];  matmul_backward_1 = None
	        return (
	            getitem_3,  # GradAOTOutput(grad_of=PlainAOTInput(idx=0))
	            None,  # None
	            getitem_1,  # GradAOTOutput(grad_of=PlainAOTInput(idx=2))
	        )
	
V0911 12:00:29.121000 2314988 /home/z50063656/Pass/src/pytorch/torch/_dynamo/utils.py:2363] {"chromium_event": {}, "frame_id": 0, "frame_compile_id": 0, "attempt": 0, "has_payload": "e53ab7f3cab784e11624ef88407de27e"}
	{
	"name": "compile_fx.<locals>.fw_compiler_base",
	"ts": 1789099229121480.2,
	"args": {
	"compile_id": "0/0"
	},
	"ph": "B",
	"cat": "dynamo_timed",
	"tid": 0,
	"pid": 0
	}
V0911 12:00:29.121000 2314988 /home/z50063656/Pass/src/pytorch/torch/_dynamo/utils.py:2363] {"chromium_event": {}, "frame_id": 0, "frame_compile_id": 0, "attempt": 0, "has_payload": "38d7a16e34ef1ebfd9adbebb48e3eac1"}
	{
	"name": "inductor_compile",
	"ts": 1789099229121863.2,
	"args": {
	"fn_name": "compile_fx_inner",
	"compile_id": "0/0"
	},
	"ph": "B",
	"cat": "dynamo_timed",
	"tid": 0,
	"pid": 0
	}
V0911 12:00:29.149000 2314988 /home/z50063656/Pass/src/pytorch/torch/_dynamo/utils.py:2363] {"chromium_event": {}, "frame_id": 0, "frame_compile_id": 0, "attempt": 0, "has_payload": "3b7f57af0951f68e480475d0837c3417"}
	{
	"name": "fx_codegen_and_compile",
	"ts": 1789099229149663.2,
	"args": {
	"compile_id": "0/0"
	},
	"ph": "B",
	"cat": "dynamo_timed",
	"tid": 0,
	"pid": 0
	}
V0911 12:00:29.165000 2314988 /home/z50063656/Pass/src/pytorch/torch/_inductor/compile_fx.py:1450] {"artifact": {"name": "fx_graph_runnable", "encoding": "string"}, "frame_id": 0, "frame_compile_id": 0, "attempt": 0, "has_payload": "e20d8c452d90681714f8c7c579e68923"}
	
	import os
	os.environ['TORCH_NPU_SOURCE'] = '/home/z50063656/Pass/src/torch_npu'
	os.environ['TORCH_DEVICE_BACKEND_AUTOLOAD'] = '1'
	os.environ['PYTORCH_SOURCE'] = '/home/z50063656/Pass/src/pytorch'
	os.environ['TRITON_ASCEND_SOURCE'] = '/home/z50063656/Pass/src/triton-ascend'
	os.environ['TORCHINDUCTOR_NPU_BACKEND'] = 'triton_experimental'
	os.environ['TORCH_COMPILE_DEBUG'] = '1'
	os.environ['TORCH_COMPILE_DEBUG_DIR'] = '/home/z50063656/tmp/t087-npu-functional-20260911/off/debug'
	os.environ['TORCHINDUCTOR_CACHE_DIR'] = '/home/z50063656/tmp/t087-npu-functional-20260911/off/inductor-cache/tmpw8ne3j9s'
	os.environ['TRITON_CACHE_DIR'] = '/home/z50063656/tmp/t087-npu-functional-20260911/off/inductor-cache/tmpw8ne3j9s/triton'
	os.environ['TORCHINDUCTOR_FORCE_DISABLE_CACHES'] = '1'
	os.environ['TORCHINDUCTOR_COMPILE_THREADS'] = '1'
	os.environ['PYTORCH_TESTING_DEVICE_FOR_CUSTOM'] = 'privateuse1'
	os.environ['PYTORCH_TESTING_DEVICE_EXCEPT_FOR'] = 'cuda,cpu'
	os.environ.pop('TORCHDYNAMO_REPRO_AFTER', None)
	os.environ.pop('TORCHDYNAMO_REPRO_LEVEL', None)
	
	import torch
	from torch import tensor, device
	import torch.fx as fx
	from torch._dynamo.testing import rand_strided
	import math
	from math import inf
	import torch._inductor.inductor_prims
	
	
	
	import torch._dynamo.config
	import torch._inductor.config
	import torch._functorch.config
	import torch.fx.experimental._config
	torch._dynamo.config.use_recursive_dict_tags_for_guards = False
	torch._inductor.config.fx_graph_cache = False
	torch._inductor.config.size_asserts = False
	torch._inductor.config.allow_buffer_reuse = False
	torch._inductor.config.reorder_for_locality = True
	torch._inductor.config.reorder_for_locality_in_training = False
	torch._inductor.config.coordinate_descent_tuning = False
	torch._inductor.config.layout_optimization = False
	torch._inductor.config.split_reductions = False
	torch._inductor.config.shape_padding = False
	torch._functorch.config.functionalize_rng_ops = False
	torch._functorch.config.debug_partitioner = True
	torch._functorch.config.fake_tensor_allow_unsafe_data_ptr_access = True
	torch._functorch.config.unlift_effect_tokens = True
	torch._functorch.config.selective_decompose = False
	
	
	
	
	isolate_fails_code_str = None
	
	
	
	
	
	if "__compile_source__" in globals():
	    import inspect as __after_aot_inspect
	    import linecache as __after_aot_linecache
	    __after_aot_filename = __after_aot_inspect.currentframe().f_code.co_filename
	    __after_aot_linecache.cache[__after_aot_filename] = (
	        len(__compile_source__),
	        None,
	        __compile_source__.splitlines(True),
	        __after_aot_filename,
	    )
	# torch version: 2.14.0a0+git8e86e0a
	# torch cuda version: None
	# torch git version: 8e86e0a23e3679c2bf3406cf0837fcb6297a5d9b
	
	
	# torch.cuda.is_available()==False, no GPU info collected
	torch._higher_order_ops.triton_kernel_wrap.kernel_side_table.reset_table()
	
	from torch.nn import *
	class Repro(torch.nn.Module):
	    def __init__(self) -> None:
	        super().__init__()
	
	
	
	    def forward(self, primals_1, primals_2, primals_3):
	        mm = torch.ops.aten.mm.default(primals_2, primals_1)
	        tanh = torch.ops.aten.tanh.default(mm)
	        mm_1 = torch.ops.aten.mm.default(primals_2, primals_3)
	        sigmoid = torch.ops.aten.sigmoid.default(mm_1)
	        mul = torch.ops.aten.mul.Tensor(tanh, sigmoid)
	        sin = torch.ops.aten.sin.default(tanh);  tanh = None
	        cos = torch.ops.aten.cos.default(sigmoid);  sigmoid = None
	        mul_1 = torch.ops.aten.mul.Tensor(sin, cos);  sin = cos = None
	        add = torch.ops.aten.add.Tensor(mul, mul_1);  mul = mul_1 = None
	        sum_1 = torch.ops.aten.sum.dim_IntList(add, [1]);  add = None
	        return (sum_1, primals_1, primals_2, primals_3, mm, mm_1)
	
	def load_args(reader):
	    buf0 = reader.storage(None, 1024, device=device(type='npu', index=0))
	    reader.tensor(buf0, (16, 16), is_leaf=True)  # primals_1
	    buf1 = reader.storage(None, 512, device=device(type='npu', index=0))
	    reader.tensor(buf1, (8, 16), is_leaf=True)  # primals_2
	    buf2 = reader.storage(None, 1024, device=device(type='npu', index=0))
	    reader.tensor(buf2, (16, 16), is_leaf=True)  # primals_3
	load_args._version = 0
	mod = Repro()
	if __name__ == '__main__':
	    from torch._dynamo.repro.after_aot import run_repro
	    with torch.no_grad():
	        run_repro(mod, load_args, accuracy=False, command='run', save_dir=None, tracing_mode='real', check_str=None)
	        # To run it separately, do 
	        # mod, args = run_repro(mod, load_args, accuracy=False, command='get_args', save_dir=None, tracing_mode='real', check_str=None)
	        # mod(*args)
V0911 12:00:29.169000 2314988 /home/z50063656/Pass/src/pytorch/torch/_dynamo/utils.py:2363] {"chromium_event": {}, "frame_id": 0, "frame_compile_id": 0, "attempt": 0, "has_payload": "31940d9c6b205d8b3c94ebb2c6d96a27"}
	{
	"name": "additional_fake_tensor_prop",
	"ts": 1789099229169231.0,
	"args": {
	"compile_id": "0/0"
	},
	"ph": "B",
	"cat": "dynamo_timed",
	"tid": 0,
	"pid": 0
	}
V0911 12:00:29.179000 2314988 /home/z50063656/Pass/src/pytorch/torch/_dynamo/utils.py:2363] {"chromium_event": {}, "frame_id": 0, "frame_compile_id": 0, "attempt": 0, "has_payload": "22be6ab690b8ec3db0bba3e9ca8760be"}
	{
	"name": "additional_fake_tensor_prop",
	"ts": 1789099229179174.2,
	"args": {
	"compile_id": "0/0"
	},
	"ph": "E",
	"cat": "dynamo_timed",
	"tid": 0,
	"pid": 0
	}
V0911 12:00:29.180000 2314988 /home/z50063656/Pass/src/pytorch/torch/_inductor/compile_fx.py:1502] {"artifact": {"name": "before_post_grad_graph", "encoding": "string"}, "frame_id": 0, "frame_compile_id": 0, "attempt": 0, "has_payload": "4de0085e18d78bedacf8f54a44570025"}
	class GraphModule(torch.nn.Module):
	    def forward(self, primals_1: "f32[16, 16][16, 1]npu:0", primals_2: "f32[8, 16][16, 1]npu:0", primals_3: "f32[16, 16][16, 1]npu:0"):
	        # File: /home/z50063656/Pass/src/pytorch/test/inductor/test_reorder_for_locality_in_training.py:72 in forward, code: a = torch.tanh(x @ self.w1)
	        mm: "f32[8, 16][16, 1]npu:0" = torch.ops.aten.mm.default(primals_2, primals_1)
	        tanh: "f32[8, 16][16, 1]npu:0" = torch.ops.aten.tanh.default(mm)
	
	        # File: /home/z50063656/Pass/src/pytorch/test/inductor/test_reorder_for_locality_in_training.py:73 in forward, code: b = torch.sigmoid(x @ self.w2)
	        mm_1: "f32[8, 16][16, 1]npu:0" = torch.ops.aten.mm.default(primals_2, primals_3)
	        sigmoid: "f32[8, 16][16, 1]npu:0" = torch.ops.aten.sigmoid.default(mm_1)
	
	        # File: /home/z50063656/Pass/src/pytorch/test/inductor/test_reorder_for_locality_in_training.py:74 in forward, code: return (a * b + torch.sin(a) * torch.cos(b)).sum(dim=1)
	        mul: "f32[8, 16][16, 1]npu:0" = torch.ops.aten.mul.Tensor(tanh, sigmoid)
	        sin: "f32[8, 16][16, 1]npu:0" = torch.ops.aten.sin.default(tanh);  tanh = None
	        cos: "f32[8, 16][16, 1]npu:0" = torch.ops.aten.cos.default(sigmoid);  sigmoid = None
	        mul_1: "f32[8, 16][16, 1]npu:0" = torch.ops.aten.mul.Tensor(sin, cos);  sin = cos = None
	        add: "f32[8, 16][16, 1]npu:0" = torch.ops.aten.add.Tensor(mul, mul_1);  mul = mul_1 = None
	        sum_1: "f32[8][1]npu:0" = torch.ops.aten.sum.dim_IntList(add, [1]);  add = None
	        return (sum_1, primals_1, primals_2, primals_3, mm, mm_1)
	
V0911 12:00:29.181000 2314988 /home/z50063656/Pass/src/pytorch/torch/_dynamo/utils.py:2363] {"chromium_event": {}, "frame_id": 0, "frame_compile_id": 0, "attempt": 0, "has_payload": "226a4bedb21de632c0c65d2749aafac7"}
	{
	"name": "_recursive_post_grad_passes",
	"ts": 1789099229181072.0,
	"args": {
	"compile_id": "0/0"
	},
	"ph": "B",
	"cat": "dynamo_timed",
	"tid": 0,
	"pid": 0
	}
V0911 12:00:29.181000 2314988 /home/z50063656/Pass/src/pytorch/torch/_dynamo/utils.py:2363] {"chromium_event": {}, "frame_id": 0, "frame_compile_id": 0, "attempt": 0, "has_payload": "a6044619d0d4bb27276ab0e111b98ba6"}
	{
	"name": "pass.post_grad_passes.remove_profiler_ops",
	"ts": 1789099229181684.0,
	"args": {
	"compile_id": "0/0"
	},
	"ph": "B",
	"cat": "dynamo_timed",
	"tid": 0,
	"pid": 0
	}
V0911 12:00:29.182000 2314988 /home/z50063656/Pass/src/pytorch/torch/_dynamo/utils.py:2363] {"chromium_event": {}, "frame_id": 0, "frame_compile_id": 0, "attempt": 0, "has_payload": "a4a50377d2545c450f83e4f75013f3cf"}
	{
	"name": "pass.post_grad_passes.remove_profiler_ops",
	"ts": 1789099229182163.2,
	"args": {
	"compile_id": "0/0"
	},
	"ph": "E",
	"cat": "dynamo_timed",
	"tid": 0,
	"pid": 0
	}
V0911 12:00:29.182000 2314988 /home/z50063656/Pass/src/pytorch/torch/_dynamo/utils.py:2363] {"chromium_event": {}, "frame_id": 0, "frame_compile_id": 0, "attempt": 0, "has_payload": "d022db94a1ca14cd8f7b72db7716b3c9"}
	{
	"name": "pass.post_grad_passes.respecialize_current_device",
	"ts": 1789099229182553.5,
	"args": {
	"compile_id": "0/0"
	},
	"ph": "B",
	"cat": "dynamo_timed",
	"tid": 0,
	"pid": 0
	}
V0911 12:00:29.183000 2314988 /home/z50063656/Pass/src/pytorch/torch/_dynamo/utils.py:2363] {"chromium_event": {}, "frame_id": 0, "frame_compile_id": 0, "attempt": 0, "has_payload": "8038ffb63584339ea9e0efdb24c9f331"}
	{
	"name": "pass.post_grad_passes.respecialize_current_device",
	"ts": 1789099229183129.8,
	"args": {
	"compile_id": "0/0"
	},
	"ph": "E",
	"cat": "dynamo_timed",
	"tid": 0,
	"pid": 0
	}
V0911 12:00:29.205000 2314988 /home/z50063656/Pass/src/pytorch/torch/_dynamo/utils.py:2363] {"chromium_event": {}, "frame_id": 0, "frame_compile_id": 0, "attempt": 0, "has_payload": "e425a4dcaeab4d2edb558a271673c015"}
	{
	"name": "pass.post_grad_passes.post_grad_custom_pre_pass",
	"ts": 1789099229204890.2,
	"args": {
	"compile_id": "0/0"
	},
	"ph": "B",
	"cat": "dynamo_timed",
	"tid": 0,
	"pid": 0
	}
V0911 12:00:29.205000 2314988 /home/z50063656/Pass/src/pytorch/torch/_dynamo/utils.py:2363] {"chromium_event": {}, "frame_id": 0, "frame_compile_id": 0, "attempt": 0, "has_payload": "b290b0dca763db204d70d968e76537dc"}
	{
	"name": "pass.post_grad_passes.post_grad_custom_pre_pass",
	"ts": 1789099229205408.8,
	"args": {
	"compile_id": "0/0"
	},
	"ph": "E",
	"cat": "dynamo_timed",
	"tid": 0,
	"pid": 0
	}
V0911 12:00:29.206000 2314988 /home/z50063656/Pass/src/pytorch/torch/_dynamo/utils.py:2363] {"chromium_event": {}, "frame_id": 0, "frame_compile_id": 0, "attempt": 0, "has_payload": "e653bb020cd8922030d2941d3989a4c5"}
	{
	"name": "pass.post_grad_passes.remove_noop_ops",
	"ts": 1789099229205808.8,
	"args": {
	"compile_id": "0/0"
	},
	"ph": "B",
	"cat": "dynamo_timed",
	"tid": 0,
	"pid": 0
	}
V0911 12:00:29.206000 2314988 /home/z50063656/Pass/src/pytorch/torch/_dynamo/utils.py:2363] {"chromium_event": {}, "frame_id": 0, "frame_compile_id": 0, "attempt": 0, "has_payload": "317d931f073197e87ce26c7f38700680"}
	{
	"name": "pass.post_grad_passes.remove_noop_ops",
	"ts": 1789099229206309.5,
	"args": {
	"compile_id": "0/0"
	},
	"ph": "E",
	"cat": "dynamo_timed",
	"tid": 0,
	"pid": 0
	}
V0911 12:00:29.206000 2314988 /home/z50063656/Pass/src/pytorch/torch/_dynamo/utils.py:2363] {"chromium_event": {}, "frame_id": 0, "frame_compile_id": 0, "attempt": 0, "has_payload": "9b7e6f580d08ca4238a5d40a763db171"}
	{
	"name": "pass.post_grad_passes.remove_assert_ops",
	"ts": 1789099229206717.0,
	"args": {
	"compile_id": "0/0"
	},
	"ph": "B",
	"cat": "dynamo_timed",
	"tid": 0,
	"pid": 0
	}
V0911 12:00:29.207000 2314988 /home/z50063656/Pass/src/pytorch/torch/_dynamo/utils.py:2363] {"chromium_event": {}, "frame_id": 0, "frame_compile_id": 0, "attempt": 0, "has_payload": "c0e9bcdb5667d083ec49dbd87ffd3ba7"}
	{
	"name": "pass.post_grad_passes.remove_assert_ops",
	"ts": 1789099229207137.2,
	"args": {
	"compile_id": "0/0"
	},
	"ph": "E",
	"cat": "dynamo_timed",
	"tid": 0,
	"pid": 0
	}
V0911 12:00:29.207000 2314988 /home/z50063656/Pass/src/pytorch/torch/_dynamo/utils.py:2363] {"chromium_event": {}, "frame_id": 0, "frame_compile_id": 0, "attempt": 0, "has_payload": "36976eff5f86fdaf52d20c24f481b8c4"}
	{
	"name": "pass.post_grad_passes.pass_pattern_0",
	"ts": 1789099229207520.8,
	"args": {
	"compile_id": "0/0"
	},
	"ph": "B",
	"cat": "dynamo_timed",
	"tid": 0,
	"pid": 0
	}
V0911 12:00:29.208000 2314988 /home/z50063656/Pass/src/pytorch/torch/_dynamo/utils.py:2363] {"chromium_event": {}, "frame_id": 0, "frame_compile_id": 0, "attempt": 0, "has_payload": "f959d7838a7ec8d4028487f61d0ae26a"}
	{
	"name": "pass.post_grad_passes.pass_pattern_0",
	"ts": 1789099229207944.8,
	"args": {
	"compile_id": "0/0"
	},
	"ph": "E",
	"cat": "dynamo_timed",
	"tid": 0,
	"pid": 0
	}
V0911 12:00:29.208000 2314988 /home/z50063656/Pass/src/pytorch/torch/_dynamo/utils.py:2363] {"chromium_event": {}, "frame_id": 0, "frame_compile_id": 0, "attempt": 0, "has_payload": "558ebae48d09539d0e12d66f3bd90e64"}
	{
	"name": "pass.post_grad_passes.pass_pattern_1",
	"ts": 1789099229208336.5,
	"args": {
	"compile_id": "0/0"
	},
	"ph": "B",
	"cat": "dynamo_timed",
	"tid": 0,
	"pid": 0
	}
V0911 12:00:29.209000 2314988 /home/z50063656/Pass/src/pytorch/torch/_dynamo/utils.py:2363] {"chromium_event": {}, "frame_id": 0, "frame_compile_id": 0, "attempt": 0, "has_payload": "76db2374bf648989317c9d3de3a6c306"}
	{
	"name": "pass.post_grad_passes.pass_pattern_1",
	"ts": 1789099229209678.8,
	"args": {
	"compile_id": "0/0"
	},
	"ph": "E",
	"cat": "dynamo_timed",
	"tid": 0,
	"pid": 0
	}
V0911 12:00:29.210000 2314988 /home/z50063656/Pass/src/pytorch/torch/_dynamo/utils.py:2363] {"chromium_event": {}, "frame_id": 0, "frame_compile_id": 0, "attempt": 0, "has_payload": "0c43771776c90af8cb7a90be9429847a"}
	{
	"name": "pass.post_grad_passes.pass_pattern_2",
	"ts": 1789099229210110.5,
	"args": {
	"compile_id": "0/0"
	},
	"ph": "B",
	"cat": "dynamo_timed",
	"tid": 0,
	"pid": 0
	}
V0911 12:00:29.211000 2314988 /home/z50063656/Pass/src/pytorch/torch/_dynamo/utils.py:2363] {"chromium_event": {}, "frame_id": 0, "frame_compile_id": 0, "attempt": 0, "has_payload": "1cc7d029d900c7b36e7d3190b9541372"}
	{
	"name": "pass.post_grad_passes.pass_pattern_2",
	"ts": 1789099229211011.0,
	"args": {
	"compile_id": "0/0"
	},
	"ph": "E",
	"cat": "dynamo_timed",
	"tid": 0,
	"pid": 0
	}
V0911 12:00:29.211000 2314988 /home/z50063656/Pass/src/pytorch/torch/_dynamo/utils.py:2363] {"chromium_event": {}, "frame_id": 0, "frame_compile_id": 0, "attempt": 0, "has_payload": "d42a03c2fe06c636bd6cb23a306c4f5c"}
	{
	"name": "pass.post_grad_passes.post_grad_custom_post_pass",
	"ts": 1789099229211449.8,
	"args": {
	"compile_id": "0/0"
	},
	"ph": "B",
	"cat": "dynamo_timed",
	"tid": 0,
	"pid": 0
	}
V0911 12:00:29.212000 2314988 /home/z50063656/Pass/src/pytorch/torch/_dynamo/utils.py:2363] {"chromium_event": {}, "frame_id": 0, "frame_compile_id": 0, "attempt": 0, "has_payload": "e7d8ffb16ec37a1ce6a953c94d5d691b"}
	{
	"name": "pass.post_grad_passes.post_grad_custom_post_pass",
	"ts": 1789099229212080.2,
	"args": {
	"compile_id": "0/0"
	},
	"ph": "E",
	"cat": "dynamo_timed",
	"tid": 0,
	"pid": 0
	}
V0911 12:00:29.212000 2314988 /home/z50063656/Pass/src/pytorch/torch/_dynamo/utils.py:2363] {"chromium_event": {}, "frame_id": 0, "frame_compile_id": 0, "attempt": 0, "has_payload": "1236fa131cb9bbbe924d7f65a87df6d6"}
	{
	"name": "pass.post_grad_passes.stable_sort",
	"ts": 1789099229212503.0,
	"args": {
	"compile_id": "0/0"
	},
	"ph": "B",
	"cat": "dynamo_timed",
	"tid": 0,
	"pid": 0
	}
V0911 12:00:29.213000 2314988 /home/z50063656/Pass/src/pytorch/torch/_dynamo/utils.py:2363] {"chromium_event": {}, "frame_id": 0, "frame_compile_id": 0, "attempt": 0, "has_payload": "cb9f1f47c029163998cda9528744f26d"}
	{
	"name": "pass.post_grad_passes.stable_sort",
	"ts": 1789099229212991.2,
	"args": {
	"compile_id": "0/0"
	},
	"ph": "E",
	"cat": "dynamo_timed",
	"tid": 0,
	"pid": 0
	}
V0911 12:00:29.213000 2314988 /home/z50063656/Pass/src/pytorch/torch/_dynamo/utils.py:2363] {"chromium_event": {}, "frame_id": 0, "frame_compile_id": 0, "attempt": 0, "has_payload": "6dcb4d8e82efb65aec1010ce8f200c2f"}
	{
	"name": "pass.post_grad_passes.move_constructors_to_cuda",
	"ts": 1789099229213391.2,
	"args": {
	"compile_id": "0/0"
	},
	"ph": "B",
	"cat": "dynamo_timed",
	"tid": 0,
	"pid": 0
	}
V0911 12:00:29.214000 2314988 /home/z50063656/Pass/src/pytorch/torch/_dynamo/utils.py:2363] {"chromium_event": {}, "frame_id": 0, "frame_compile_id": 0, "attempt": 0, "has_payload": "4be565e9907cbd235386a94f73e444e5"}
	{
	"name": "pass.post_grad_passes.move_constructors_to_cuda",
	"ts": 1789099229213966.5,
	"args": {
	"compile_id": "0/0"
	},
	"ph": "E",
	"cat": "dynamo_timed",
	"tid": 0,
	"pid": 0
	}
V0911 12:00:29.217000 2314988 /home/z50063656/Pass/src/pytorch/torch/_dynamo/utils.py:2363] {"chromium_event": {}, "frame_id": 0, "frame_compile_id": 0, "attempt": 0, "has_payload": "1ae52a01621abd20fcbae3e9ea7d68d5"}
	{
	"name": "pass.post_grad_passes.reinplace_inplaceable_ops",
	"ts": 1789099229217201.5,
	"args": {
	"compile_id": "0/0"
	},
	"ph": "B",
	"cat": "dynamo_timed",
	"tid": 0,
	"pid": 0
	}
V0911 12:00:29.220000 2314988 /home/z50063656/Pass/src/pytorch/torch/_dynamo/utils.py:2363] {"chromium_event": {}, "frame_id": 0, "frame_compile_id": 0, "attempt": 0, "has_payload": "37b49b6bf453d22412cd92b22141ca8c"}
	{
	"name": "pass.post_grad_passes.reinplace_inplaceable_ops",
	"ts": 1789099229220302.5,
	"args": {
	"compile_id": "0/0"
	},
	"ph": "E",
	"cat": "dynamo_timed",
	"tid": 0,
	"pid": 0
	}
V0911 12:00:29.220000 2314988 /home/z50063656/Pass/src/pytorch/torch/_dynamo/utils.py:2363] {"chromium_event": {}, "frame_id": 0, "frame_compile_id": 0, "attempt": 0, "has_payload": "76b2a0c5e5779a38c7fe34dd74a02238"}
	{
	"name": "pass.post_grad_passes.fix_auto_functionalized_dtype_views",
	"ts": 1789099229220745.5,
	"args": {
	"compile_id": "0/0"
	},
	"ph": "B",
	"cat": "dynamo_timed",
	"tid": 0,
	"pid": 0
	}
V0911 12:00:29.221000 2314988 /home/z50063656/Pass/src/pytorch/torch/_dynamo/utils.py:2363] {"chromium_event": {}, "frame_id": 0, "frame_compile_id": 0, "attempt": 0, "has_payload": "dba030be2b4a6866a0ad89c3a8fd8422"}
	{
	"name": "pass.post_grad_passes.fix_auto_functionalized_dtype_views",
	"ts": 1789099229221193.8,
	"args": {
	"compile_id": "0/0"
	},
	"ph": "E",
	"cat": "dynamo_timed",
	"tid": 0,
	"pid": 0
	}
V0911 12:00:29.221000 2314988 /home/z50063656/Pass/src/pytorch/torch/_dynamo/utils.py:2363] {"chromium_event": {}, "frame_id": 0, "frame_compile_id": 0, "attempt": 0, "has_payload": "d3eb83f4c5c81757dedbd1ded48d073b"}
	{
	"name": "pass.post_grad_passes.decompose_triton_kernel_wrapper_functional",
	"ts": 1789099229221588.2,
	"args": {
	"compile_id": "0/0"
	},
	"ph": "B",
	"cat": "dynamo_timed",
	"tid": 0,
	"pid": 0
	}
V0911 12:00:29.222000 2314988 /home/z50063656/Pass/src/pytorch/torch/_dynamo/utils.py:2363] {"chromium_event": {}, "frame_id": 0, "frame_compile_id": 0, "attempt": 0, "has_payload": "be9d28a065b1263acce9eb121e528464"}
	{
	"name": "pass.post_grad_passes.decompose_triton_kernel_wrapper_functional",
	"ts": 1789099229222115.5,
	"args": {
	"compile_id": "0/0"
	},
	"ph": "E",
	"cat": "dynamo_timed",
	"tid": 0,
	"pid": 0
	}
V0911 12:00:29.222000 2314988 /home/z50063656/Pass/src/pytorch/torch/_dynamo/utils.py:2363] {"chromium_event": {}, "frame_id": 0, "frame_compile_id": 0, "attempt": 0, "has_payload": "a6253ba943303ff59d6db1ea4b1bf054"}
	{
	"name": "pass.post_grad_passes.decompose_auto_functionalized",
	"ts": 1789099229222522.8,
	"args": {
	"compile_id": "0/0"
	},
	"ph": "B",
	"cat": "dynamo_timed",
	"tid": 0,
	"pid": 0
	}
V0911 12:00:29.223000 2314988 /home/z50063656/Pass/src/pytorch/torch/_dynamo/utils.py:2363] {"chromium_event": {}, "frame_id": 0, "frame_compile_id": 0, "attempt": 0, "has_payload": "6403ce688c74b30ca694586c03332229"}
	{
	"name": "pass.post_grad_passes.decompose_auto_functionalized",
	"ts": 1789099229223081.5,
	"args": {
	"compile_id": "0/0"
	},
	"ph": "E",
	"cat": "dynamo_timed",
	"tid": 0,
	"pid": 0
	}
V0911 12:00:29.223000 2314988 /home/z50063656/Pass/src/pytorch/torch/_dynamo/utils.py:2363] {"chromium_event": {}, "frame_id": 0, "frame_compile_id": 0, "attempt": 0, "has_payload": "72c03e053510cffd5d66181b7408c76c"}
	{
	"name": "pass.post_grad_passes.decompose_scan_to_while_loop",
	"ts": 1789099229223483.0,
	"args": {
	"compile_id": "0/0"
	},
	"ph": "B",
	"cat": "dynamo_timed",
	"tid": 0,
	"pid": 0
	}
V0911 12:00:29.224000 2314988 /home/z50063656/Pass/src/pytorch/torch/_dynamo/utils.py:2363] {"chromium_event": {}, "frame_id": 0, "frame_compile_id": 0, "attempt": 0, "has_payload": "80f2fdb891c819024cbd015c8360922b"}
	{
	"name": "pass.post_grad_passes.decompose_scan_to_while_loop",
	"ts": 1789099229224149.8,
	"args": {
	"compile_id": "0/0"
	},
	"ph": "E",
	"cat": "dynamo_timed",
	"tid": 0,
	"pid": 0
	}
V0911 12:00:29.224000 2314988 /home/z50063656/Pass/src/pytorch/torch/_dynamo/utils.py:2363] {"chromium_event": {}, "frame_id": 0, "frame_compile_id": 0, "attempt": 0, "has_payload": "2451c54eb611742056b0c757aebdc819"}
	{
	"name": "pass.post_grad_passes.decompose_map_to_while_loop",
	"ts": 1789099229224542.8,
	"args": {
	"compile_id": "0/0"
	},
	"ph": "B",
	"cat": "dynamo_timed",
	"tid": 0,
	"pid": 0
	}
V0911 12:00:29.225000 2314988 /home/z50063656/Pass/src/pytorch/torch/_dynamo/utils.py:2363] {"chromium_event": {}, "frame_id": 0, "frame_compile_id": 0, "attempt": 0, "has_payload": "b4c4e75d0d2558eb73f230b73c221c2b"}
	{
	"name": "pass.post_grad_passes.decompose_map_to_while_loop",
	"ts": 1789099229225038.5,
	"args": {
	"compile_id": "0/0"
	},
	"ph": "E",
	"cat": "dynamo_timed",
	"tid": 0,
	"pid": 0
	}
V0911 12:00:29.225000 2314988 /home/z50063656/Pass/src/pytorch/torch/_dynamo/utils.py:2363] {"chromium_event": {}, "frame_id": 0, "frame_compile_id": 0, "attempt": 0, "has_payload": "30a236fe61724af075928ed536422f18"}
	{
	"name": "_recursive_post_grad_passes",
	"ts": 1789099229225451.5,
	"args": {
	"compile_id": "0/0"
	},
	"ph": "E",
	"cat": "dynamo_timed",
	"tid": 0,
	"pid": 0
	}
V0911 12:00:29.231000 2314988 /home/z50063656/Pass/src/pytorch/torch/_inductor/compile_fx.py:1540] {"artifact": {"name": "inductor_post_grad_graph", "encoding": "string"}, "frame_id": 0, "frame_compile_id": 0, "attempt": 0, "has_payload": "4de0085e18d78bedacf8f54a44570025"}
	class GraphModule(torch.nn.Module):
	    def forward(self, primals_1: "f32[16, 16][16, 1]npu:0", primals_2: "f32[8, 16][16, 1]npu:0", primals_3: "f32[16, 16][16, 1]npu:0"):
	        # File: /home/z50063656/Pass/src/pytorch/test/inductor/test_reorder_for_locality_in_training.py:72 in forward, code: a = torch.tanh(x @ self.w1)
	        mm: "f32[8, 16][16, 1]npu:0" = torch.ops.aten.mm.default(primals_2, primals_1)
	        tanh: "f32[8, 16][16, 1]npu:0" = torch.ops.aten.tanh.default(mm)
	
	        # File: /home/z50063656/Pass/src/pytorch/test/inductor/test_reorder_for_locality_in_training.py:73 in forward, code: b = torch.sigmoid(x @ self.w2)
	        mm_1: "f32[8, 16][16, 1]npu:0" = torch.ops.aten.mm.default(primals_2, primals_3)
	        sigmoid: "f32[8, 16][16, 1]npu:0" = torch.ops.aten.sigmoid.default(mm_1)
	
	        # File: /home/z50063656/Pass/src/pytorch/test/inductor/test_reorder_for_locality_in_training.py:74 in forward, code: return (a * b + torch.sin(a) * torch.cos(b)).sum(dim=1)
	        mul: "f32[8, 16][16, 1]npu:0" = torch.ops.aten.mul.Tensor(tanh, sigmoid)
	        sin: "f32[8, 16][16, 1]npu:0" = torch.ops.aten.sin.default(tanh);  tanh = None
	        cos: "f32[8, 16][16, 1]npu:0" = torch.ops.aten.cos.default(sigmoid);  sigmoid = None
	        mul_1: "f32[8, 16][16, 1]npu:0" = torch.ops.aten.mul.Tensor(sin, cos);  sin = cos = None
	        add: "f32[8, 16][16, 1]npu:0" = torch.ops.aten.add.Tensor(mul, mul_1);  mul = mul_1 = None
	        sum_1: "f32[8][1]npu:0" = torch.ops.aten.sum.dim_IntList(add, [1]);  add = None
	        return (sum_1, primals_1, primals_2, primals_3, mm, mm_1)
	
V0911 12:00:29.232000 2314988 /home/z50063656/Pass/src/pytorch/torch/_dynamo/utils.py:2363] {"chromium_event": {}, "frame_id": 0, "frame_compile_id": 0, "attempt": 0, "has_payload": "b25633bb3622fbb06ab9b6df2ec6cba4"}
	{
	"name": "GraphLowering.run",
	"ts": 1789099229232763.8,
	"args": {
	"compile_id": "0/0"
	},
	"ph": "B",
	"cat": "dynamo_timed",
	"tid": 0,
	"pid": 0
	}
V0911 12:00:42.991000 2314988 /home/z50063656/Pass/src/pytorch/torch/_dynamo/utils.py:2363] {"chromium_event": {}, "frame_id": 0, "frame_compile_id": 0, "attempt": 0, "has_payload": "05d4f5c3037f6d87613cac0be9271f62"}
	{
	"name": "GraphLowering.run",
	"ts": 1789099242991216.0,
	"args": {
	"compile_id": "0/0"
	},
	"ph": "E",
	"cat": "dynamo_timed",
	"tid": 0,
	"pid": 0
	}
V0911 12:00:42.991000 2314988 /home/z50063656/Pass/src/pytorch/torch/_dynamo/utils.py:2363] {"chromium_event": {}, "frame_id": 0, "frame_compile_id": 0, "attempt": 0, "has_payload": "579737c3394f60d2cb5b65258375c751"}
	{
	"name": "GraphLowering.compile_to_fn",
	"ts": 1789099242991869.0,
	"args": {
	"compile_id": "0/0"
	},
	"ph": "B",
	"cat": "dynamo_timed",
	"tid": 0,
	"pid": 0
	}
V0911 12:00:42.992000 2314988 /home/z50063656/Pass/src/pytorch/torch/_dynamo/utils.py:2363] {"chromium_event": {}, "frame_id": 0, "frame_compile_id": 0, "attempt": 0, "has_payload": "a694a21d17ec7e2587f1238ba15de625"}
	{
	"name": "code_gen",
	"ts": 1789099242992128.0,
	"args": {
	"fn_name": "GraphLowering.compile_to_module",
	"compile_id": "0/0"
	},
	"ph": "B",
	"cat": "dynamo_timed",
	"tid": 0,
	"pid": 0
	}
V0911 12:00:42.992000 2314988 /home/z50063656/Pass/src/pytorch/torch/_dynamo/utils.py:2363] {"chromium_event": {}, "frame_id": 0, "frame_compile_id": 0, "attempt": 0, "has_payload": "e892cb0d4092f8731c3fa50856c3652f"}
	{
	"name": "GraphLowering.codegen",
	"ts": 1789099242992410.0,
	"args": {
	"compile_id": "0/0"
	},
	"ph": "B",
	"cat": "dynamo_timed",
	"tid": 0,
	"pid": 0
	}
V0911 12:00:42.998000 2314988 /home/z50063656/Pass/src/pytorch/torch/_dynamo/utils.py:2363] {"chromium_event": {}, "frame_id": 0, "frame_compile_id": 0, "attempt": 0, "has_payload": "d7323c276059e9bf5e73a70510f1936e"}
	{
	"name": "Scheduler.__init__",
	"ts": 1789099242997758.0,
	"args": {
	"compile_id": "0/0"
	},
	"ph": "B",
	"cat": "dynamo_timed",
	"tid": 0,
	"pid": 0
	}
V0911 12:00:43.024000 2314988 /home/z50063656/Pass/src/pytorch/torch/_dynamo/utils.py:2363] {"chromium_event": {}, "frame_id": 0, "frame_compile_id": 0, "attempt": 0, "has_payload": "aa2613b68831208d6e8de1e7b66893af"}
	{
	"name": "Scheduler.fused_nodes",
	"ts": 1789099243023888.5,
	"args": {
	"compile_id": "0/0"
	},
	"ph": "B",
	"cat": "dynamo_timed",
	"tid": 0,
	"pid": 0
	}
V0911 12:00:43.024000 2314988 /home/z50063656/Pass/src/pytorch/torch/_dynamo/utils.py:2363] {"chromium_event": {}, "frame_id": 0, "frame_compile_id": 0, "attempt": 0, "has_payload": "707271f036cc3b91836a8259f554d75c"}
	{
	"name": "Scheduler.fused_nodes",
	"ts": 1789099243024763.5,
	"args": {
	"compile_id": "0/0"
	},
	"ph": "E",
	"cat": "dynamo_timed",
	"tid": 0,
	"pid": 0
	}
V0911 12:00:43.032000 2314988 /home/z50063656/Pass/src/pytorch/torch/_dynamo/utils.py:2363] {"chromium_event": {}, "frame_id": 0, "frame_compile_id": 0, "attempt": 0, "has_payload": "8a6b2d9bed005cf70609d53c88bd7ff3"}
	{
	"name": "Scheduler.simple_overlap",
	"ts": 1789099243032358.5,
	"args": {
	"compile_id": "0/0"
	},
	"ph": "B",
	"cat": "dynamo_timed",
	"tid": 0,
	"pid": 0
	}
V0911 12:00:43.032000 2314988 /home/z50063656/Pass/src/pytorch/torch/_dynamo/utils.py:2363] {"chromium_event": {}, "frame_id": 0, "frame_compile_id": 0, "attempt": 0, "has_payload": "3092dcc8d9b64ed331d299f65beb9199"}
	{
	"name": "Scheduler.simple_overlap",
	"ts": 1789099243032812.5,
	"args": {
	"compile_id": "0/0"
	},
	"ph": "E",
	"cat": "dynamo_timed",
	"tid": 0,
	"pid": 0
	}
V0911 12:00:43.039000 2314988 /home/z50063656/Pass/src/pytorch/torch/_dynamo/utils.py:2363] {"chromium_event": {}, "frame_id": 0, "frame_compile_id": 0, "attempt": 0, "has_payload": "639ebd5f8b4b5e71d41ca7f3e2c90d74"}
	{
	"name": "Scheduler.__init__",
	"ts": 1789099243039441.5,
	"args": {
	"compile_id": "0/0"
	},
	"ph": "E",
	"cat": "dynamo_timed",
	"tid": 0,
	"pid": 0
	}
V0911 12:00:43.040000 2314988 /home/z50063656/Pass/src/pytorch/torch/_dynamo/utils.py:2363] {"chromium_event": {}, "frame_id": 0, "frame_compile_id": 0, "attempt": 0, "has_payload": "608e17b4abf53b88aae873def8553c4c"}
	{
	"name": "Scheduler.codegen",
	"ts": 1789099243039877.0,
	"args": {
	"compile_id": "0/0"
	},
	"ph": "B",
	"cat": "dynamo_timed",
	"tid": 0,
	"pid": 0
	}
V0911 12:00:43.095000 2314988 /home/z50063656/Pass/src/pytorch/torch/_dynamo/utils.py:2363] {"chromium_event": {}, "frame_id": 0, "frame_compile_id": 0, "attempt": 0, "has_payload": "abb2e04af8ef0388e0ef8fd69641e0a4"}
	{
	"name": "Scheduler.codegen",
	"ts": 1789099243095311.5,
	"args": {
	"compile_id": "0/0"
	},
	"ph": "E",
	"cat": "dynamo_timed",
	"tid": 0,
	"pid": 0
	}
V0911 12:00:43.096000 2314988 /home/z50063656/Pass/src/pytorch/torch/_dynamo/utils.py:2363] {"chromium_event": {}, "frame_id": 0, "frame_compile_id": 0, "attempt": 0, "has_payload": "c46f45566a6757bbd6d746c1e271745f"}
	{
	"name": "PythonWrapperCodegen.generate",
	"ts": 1789099243095792.8,
	"args": {
	"compile_id": "0/0"
	},
	"ph": "B",
	"cat": "dynamo_timed",
	"tid": 0,
	"pid": 0
	}
V0911 12:00:43.100000 2314988 /home/z50063656/Pass/src/pytorch/torch/_dynamo/utils.py:2363] {"chromium_event": {}, "frame_id": 0, "frame_compile_id": 0, "attempt": 0, "has_payload": "05f0896ea89998ada0ccbafb9a70306f"}
	{
	"name": "PythonWrapperCodegen.generate",
	"ts": 1789099243099953.5,
	"args": {
	"compile_id": "0/0"
	},
	"ph": "E",
	"cat": "dynamo_timed",
	"tid": 0,
	"pid": 0
	}
V0911 12:00:43.100000 2314988 /home/z50063656/Pass/src/pytorch/torch/_dynamo/utils.py:2363] {"chromium_event": {}, "frame_id": 0, "frame_compile_id": 0, "attempt": 0, "has_payload": "c77c242504cde94c803f1209b96767ec"}
	{
	"name": "GraphLowering.codegen",
	"ts": 1789099243100381.5,
	"args": {
	"compile_id": "0/0"
	},
	"ph": "E",
	"cat": "dynamo_timed",
	"tid": 0,
	"pid": 0
	}
V0911 12:00:43.103000 2314988 /home/z50063656/Pass/src/pytorch/torch/_inductor/graph.py:3137] {"inductor_output_code": {"filename": "/home/z50063656/tmp/t087-npu-functional-20260911/off/inductor-cache/tmpw8ne3j9s/qn/cqnwd2e7ibgqyjjfjtjik55creubw5daxc65nvrxlhymnjo4wpwz.py", "file_path": "/home/z50063656/tmp/t087-npu-functional-20260911/off/inductor-cache/tmpw8ne3j9s/qn/cqnwd2e7ibgqyjjfjtjik55creubw5daxc65nvrxlhymnjo4wpwz.py"}, "frame_id": 0, "frame_compile_id": 0, "attempt": 0, "has_payload": "00b61214c76c7275851c55f1e24ad310"}
	# AOT ID: ['0_forward']
	from ctypes import c_void_p, c_long, c_int
	import torch
	import math
	import random
	import os
	import tempfile
	from math import inf, nan
	from cmath import nanj
	from torch._inductor.hooks import run_intermediate_hooks
	from torch._inductor.utils import maybe_profile
	from torch._inductor.codegen.memory_planning import _align as align
	from torch import device, empty_strided
	from torch._inductor.async_compile import AsyncCompile
	from torch._inductor.select_algorithm import extern_kernels
	from torch._C._dynamo.guards import copy_if_misaligned
	import triton
	import triton.language as tl
	from torch._inductor.runtime.triton_heuristics import start_graph, end_graph
	from torch_npu._inductor.triton_experimental import npu_triton_heuristics
	from torch_npu._inductor.triton_experimental import get_current_raw_stream as get_raw_stream
	
	aten = torch.ops.aten
	inductor_ops = torch.ops.inductor
	_quantized = torch.ops._quantized
	assert_size_stride = torch._C._dynamo.guards.assert_size_stride
	assert_size_stride_grouped = torch._C._dynamo.guards.assert_size_stride_grouped
	assert_alignment = torch._C._dynamo.guards.assert_alignment
	empty_strided_cpu = torch._C._dynamo.guards._empty_strided_cpu
	empty_strided_cpu_pinned = torch._C._dynamo.guards._empty_strided_cpu_pinned
	empty_strided_cuda = torch._C._dynamo.guards._empty_strided_cuda
	empty_strided_xpu = torch._C._dynamo.guards._empty_strided_xpu
	empty_strided_mtia = torch._C._dynamo.guards._empty_strided_mtia
	reinterpret_tensor = torch._C._dynamo.guards._reinterpret_tensor
	alloc_from_pool = torch.ops.inductor._alloc_from_pool
	async_compile = AsyncCompile()
	empty_strided_p2p = torch._C._distributed_c10d._SymmetricMemory.empty_strided_p2p
	import torch_npu
	empty_strided_npu = torch_npu._C._empty_strided_npu
	
	
	# kernel path: /home/z50063656/tmp/t087-npu-functional-20260911/off/inductor-cache/tmpw8ne3j9s/pl/cpldt63pyzruik2hh3haanjw62lwper6hcnt7jwgcirdwjyfjwqr.py
	# Topologically Sorted Source Nodes: [a, b, mul, sin, cos, mul_1, add, sum_1], Original ATen: [aten.tanh, aten.sigmoid, aten.mul, aten.sin, aten.cos, aten.add, aten.sum]
	# Source node to ATen node mapping:
	#   a => tanh
	#   add => add
	#   b => sigmoid
	#   cos => cos
	#   mul => mul
	#   mul_1 => mul_1
	#   sin => sin
	#   sum_1 => sum_1
	# Graph fragment:
	#   %mm : Tensor "f32[8, 16][16, 1]npu:0" = PlaceHolder[target=mm]
	#   %mm_1 : Tensor "f32[8, 16][16, 1]npu:0" = PlaceHolder[target=mm_1]
	#   %tanh : Tensor "f32[8, 16][16, 1]npu:0"[num_users=2] = call_function[target=torch.ops.aten.tanh.default](args = (%mm,), kwargs = {})
	#   %sigmoid : Tensor "f32[8, 16][16, 1]npu:0"[num_users=2] = call_function[target=torch.ops.aten.sigmoid.default](args = (%mm_1,), kwargs = {})
	#   %mul : Tensor "f32[8, 16][16, 1]npu:0"[num_users=1] = call_function[target=torch.ops.aten.mul.Tensor](args = (%tanh, %sigmoid), kwargs = {})
	#   %sin : Tensor "f32[8, 16][16, 1]npu:0"[num_users=1] = call_function[target=torch.ops.aten.sin.default](args = (%tanh,), kwargs = {})
	#   %cos : Tensor "f32[8, 16][16, 1]npu:0"[num_users=1] = call_function[target=torch.ops.aten.cos.default](args = (%sigmoid,), kwargs = {})
	#   %mul_1 : Tensor "f32[8, 16][16, 1]npu:0"[num_users=1] = call_function[target=torch.ops.aten.mul.Tensor](args = (%sin, %cos), kwargs = {})
	#   %add : Tensor "f32[8, 16][16, 1]npu:0"[num_users=1] = call_function[target=torch.ops.aten.add.Tensor](args = (%mul, %mul_1), kwargs = {})
	#   %sum_1 : Tensor "f32[8][1]npu:0"[num_users=1] = call_function[target=torch.ops.aten.sum.dim_IntList](args = (%add, [1]), kwargs = {})
	#   return %sum_1
	triton_unk_fused_add_cos_mul_sigmoid_sin_sum_tanh_0 = async_compile.triton('triton_unk_fused_add_cos_mul_sigmoid_sin_sum_tanh_0', '''
	import triton
	import triton.language as tl
	from triton.compiler.compiler import AttrsDescriptor
	
	from torch._inductor.runtime import triton_helpers, triton_heuristics
	from torch._inductor.runtime.triton_helpers import libdevice, math as tl_math
	from torch._inductor.runtime.hints import AutotuneHint, ReductionHint, TileHint, DeviceProperties
	
	from torch_npu._inductor.triton_experimental import npu_triton_heuristics
	from torch_npu._inductor.triton_experimental.npu_triton_helpers import libdevice, math as tl_math
	
	from triton.language.extra.cann.extension import extract_slice
	
	@npu_triton_heuristics.reduction(
	    size_hints={'x': 8, 'r0_': 16},
	    reduction_hint=ReductionHint.INNER,
	    filename=__file__,
	    triton_meta={'signature': {'in_ptr0': '*fp32', 'in_ptr1': '*fp32', 'out_ptr0': '*fp32', 'xnumel': 'i32', 'r0_numel': 'i32'}, 'device': DeviceProperties(type='npu', index=0, multi_processor_count=48, cc='Ascend910B2', major=None, regs_per_multiprocessor=None, max_threads_per_multi_processor=None, max_threads_per_block=1024, warp_size=None), 'constants': {'r0_numel': 16}, 'mix_mode': 'aiv', 'configs': [AttrsDescriptor.from_dict({'arg_properties': {'tt.divisibility': (0, 1, 2, 4), 'tt.equal_to': ()}, 'cls': 'AttrsDescriptor'})], 'block_hints': {'XBLOCK_HINT': [8, {'divisors': [1]}], 'R0_BLOCK_HINT': [16, {'divisors': [1]}]}, 'axis_hints': [{'name': 'x0', 'length': 8, 'divisor': 1, 'seed': 1}, {'name': 'r0_1', 'length': 16, 'divisor': 1, 'seed': 1}]},
	    inductor_meta={'grid_type': 'Grid1D', 'autotune_hints': set(), 'kernel_name': 'triton_unk_fused_add_cos_mul_sigmoid_sin_sum_tanh_0', 'mutated_arg_names': [], 'optimize_mem': False, 'no_x_dim': False, 'num_load': 2, 'num_reduction': 1, 'npu_num_x_nodes': 1, 'npu_rsplit_partial': False, 'backend_hash': '573767764059784D1B071A77E46541176356CEAB012EDE3A29BDD4D6B9E2A472', 'assert_indirect_indexing': True, 'autotune_local_cache': True, 'autotune_pointwise': True, 'autotune_remote_cache': None, 'force_disable_caches': True, 'dynamic_scale_rblock': True, 'incremental_autotune': False, 'max_autotune': False, 'max_autotune_pointwise': False, 'min_split_scan_rblock': 256, 'spill_threshold': 16, 'store_cubin': False, 'deterministic': False, 'batch_invariant': False, 'force_filter_reduction_configs': False, 'mix_order_reduction_allow_multi_stages': True, 'dynamic_disable_pipelining': True, 'are_deterministic_algorithms_enabled': False}
	)
	@triton.jit
	def triton_unk_fused_add_cos_mul_sigmoid_sin_sum_tanh_0(in_ptr0, in_ptr1, out_ptr0, xnumel, r0_numel, XBLOCK : tl.constexpr, R0_BLOCK : tl.constexpr):
	    total_thread = 48
	    group_id = tl.program_id(0)
	    xnumel = 8
	    r0_numel = 16
	    x_g_tile0 : tl.constexpr = (8) if (8) < (XBLOCK) else (XBLOCK)
	    x0numel : tl.constexpr = 8
	    real_block_x0 : tl.constexpr = x_g_tile0
	    x0_blocks : tl.constexpr = (x0numel + real_block_x0 - 1) // real_block_x0
	    group_size = x0_blocks // total_thread
	    group_tail = x0_blocks % total_thread
	    if group_id < group_tail:
	        group_size = group_size + 1
	        group_base = group_id * group_size
	    else:
	        group_base = group_id * group_size + group_tail
	    for i in range(group_size):
	        rbase = tl.arange(0, R0_BLOCK)[None, :]
	        x0offset = (group_base + i) % x0_blocks * real_block_x0
	        x0index = x0offset + tl.arange(0, real_block_x0)[:, None]
	        x0 = x0index
	        x0mask = x0index < x0numel
	        xmask = x0mask
	        r0_base = tl.arange(0, R0_BLOCK)[None, :]
	        rbase = r0_base
	        rnumel = r0_numel
	        RBLOCK: tl.constexpr = R0_BLOCK
	        _tmp10 = tl.full([real_block_x0, R0_BLOCK], 0, tl.float32)
	        for r0_offset in tl.range(0, r0_numel, R0_BLOCK):
	            r0_index = r0_offset + r0_base
	            r0_mask = r0_index < r0_numel
	            roffset = r0_offset
	            rindex = r0_index
	            r0_1 = r0_index
	            tmp0 = tl.load(in_ptr0 + (r0_1 + 16*x0), r0_mask & x0mask, eviction_policy='evict_first', other=0.0)
	            tmp2 = tl.load(in_ptr1 + (r0_1 + 16*x0), r0_mask & x0mask, eviction_policy='evict_first', other=0.0)
	            tmp1 = libdevice.tanh(tmp0)
	            tmp3 = tl.sigmoid(tmp2)
	            tmp4 = tmp1 * tmp3
	            tmp5 = tl_math.sin(tmp1)
	            tmp6 = tl_math.cos(tmp3)
	            tmp7 = tmp5 * tmp6
	            tmp8 = tmp4 + tmp7
	            tmp9 = tl.broadcast_to(tmp8, [real_block_x0, R0_BLOCK])
	            tmp11 = _tmp10 + tmp9
	            _tmp10 = tl.where(r0_mask & xmask, tmp11, _tmp10)
	        tmp10 = tl.sum(_tmp10, 1)[:, None]
	        tl.store(out_ptr0 + (x0), tmp10, x0mask)
	''', device_str='npu')
	
	
	async_compile.wait(globals())
	del async_compile
	
	class Runner:
	    def __init__(self, partitions):
	        self.partitions = partitions
	
	    def recursively_apply_fns(self, fns):
	        new_callables = []
	        for fn, c in zip(fns, self.partitions):
	            new_callables.append(fn(c))
	        self.partitions = new_callables
	
	    def call(self, args):
	        primals_1, primals_2, primals_3 = args
	        args.clear()
	        with torch.npu.utils.device(0):
	            torch.npu.set_device(0)
	            primals_2 = copy_if_misaligned(primals_2)
	            buf0 = empty_strided_npu((8, 16), (16, 1), torch.float32)
	            # Topologically Sorted Source Nodes: [matmul], Original ATen: [aten.matmul]
	            # [Provenance debug handles] extern_kernels.mm:1
	            extern_kernels.mm(primals_2, primals_1, out=buf0)
	            buf1 = empty_strided_npu((8, 16), (16, 1), torch.float32)
	            # Topologically Sorted Source Nodes: [matmul_1], Original ATen: [aten.matmul]
	            # [Provenance debug handles] extern_kernels.mm:2
	            extern_kernels.mm(primals_2, primals_3, out=buf1)
	            buf2 = empty_strided_npu((8, ), (1, ), torch.float32)
	            # Topologically Sorted Source Nodes: [a, b, mul, sin, cos, mul_1, add, sum_1], Original ATen: [aten.tanh, aten.sigmoid, aten.mul, aten.sin, aten.cos, aten.add, aten.sum]
	            raw_stream0 = get_raw_stream(0)
	            triton_unk_fused_add_cos_mul_sigmoid_sin_sum_tanh_0.run(buf0, buf1, buf2, 8, 16, stream=raw_stream0)
	        return (buf2, primals_1, primals_2, primals_3, buf0, buf1, )
	
	runner = Runner(partitions=[])
	call = runner.call
	recursively_apply_fns = runner.recursively_apply_fns
	
	
	def get_args():
	    from torch._dynamo.testing import rand_strided
	    primals_1 = rand_strided((16, 16), (16, 1), device='npu:0', dtype=torch.float32)
	    primals_2 = rand_strided((8, 16), (16, 1), device='npu:0', dtype=torch.float32)
	    primals_3 = rand_strided((16, 16), (16, 1), device='npu:0', dtype=torch.float32)
	    return [primals_1, primals_2, primals_3]
	
	
	def benchmark_compiled_module(args, times=10, repeat=10):
	    from torch._inductor.utils import print_performance
	    fn = lambda: call(list(args))
	    return print_performance(fn, times=times, repeat=repeat, device='npu')
	
	
	if __name__ == "__main__":
	    from torch._inductor.wrapper_benchmark import compiled_module_main
	    args = get_args()
	    compiled_module_main('None', lambda times, repeat: benchmark_compiled_module(args, times=times, repeat=repeat))
	
V0911 12:00:43.104000 2314988 /home/z50063656/Pass/src/pytorch/torch/_dynamo/utils.py:2363] {"chromium_event": {}, "frame_id": 0, "frame_compile_id": 0, "attempt": 0, "has_payload": "dffd01ee2b49df074f9dbb6f233427d1"}
	{
	"name": "PyCodeCache.load_by_key_path",
	"ts": 1789099243104459.5,
	"args": {
	"compile_id": "0/0"
	},
	"ph": "B",
	"cat": "dynamo_timed",
	"tid": 0,
	"pid": 0
	}
V0911 12:00:43.115000 2314988 /home/z50063656/Pass/src/pytorch/torch/_dynamo/utils.py:2363] {"chromium_event": {}, "frame_id": 0, "frame_compile_id": 0, "attempt": 0, "has_payload": "c315a78204ccb1cdf0f839cc04caf1e1"}
	{
	"name": "inductor_codecache_torch_key",
	"ts": 1789099243115584.2,
	"args": {
	"compile_id": "0/0"
	},
	"ph": "B",
	"cat": "dynamo_timed",
	"tid": 0,
	"pid": 0
	}
V0911 12:00:43.337000 2314988 /home/z50063656/Pass/src/pytorch/torch/_dynamo/utils.py:2363] {"chromium_event": {}, "frame_id": 0, "frame_compile_id": 0, "attempt": 0, "has_payload": "e8c7db0e8738020c1d7059a32a923c02"}
	{
	"name": "inductor_codecache_torch_key",
	"ts": 1789099243337529.5,
	"args": {
	"compile_id": "0/0"
	},
	"ph": "E",
	"cat": "dynamo_timed",
	"tid": 0,
	"pid": 0
	}
V0911 12:00:43.338000 2314988 /home/z50063656/Pass/src/pytorch/torch/_dynamo/utils.py:2363] {"chromium_event": {}, "frame_id": 0, "frame_compile_id": 0, "attempt": 0, "has_payload": "209ec7eee328810eb752c3c4d4c9a2a3"}
	{
	"name": "async_compile.precompile",
	"ts": 1789099243338073.5,
	"args": {
	"compile_id": "0/0"
	},
	"ph": "B",
	"cat": "dynamo_timed",
	"tid": 0,
	"pid": 0
	}
V0911 12:00:50.479000 2314988 /home/z50063656/Pass/src/pytorch/torch/_dynamo/utils.py:2363] {"chromium_event": {}, "frame_id": 0, "frame_compile_id": 0, "attempt": 0, "has_payload": "38b77c7752d924d6633b80bd8f1d1642"}
	{
	"name": "async_compile.precompile",
	"ts": 1789099250479791.0,
	"args": {
	"compile_id": "0/0"
	},
	"ph": "E",
	"cat": "dynamo_timed",
	"tid": 0,
	"pid": 0
	}
V0911 12:00:50.480000 2314988 /home/z50063656/Pass/src/pytorch/torch/_inductor/async_compile.py:138] {"artifact": {"name": "triton_kernel_info", "encoding": "json"}, "frame_id": 0, "frame_compile_id": 0, "attempt": 0, "has_payload": "78e1abce369b3a6e5eaa2a138f940f55"}
	{"triton_unk_fused_add_cos_mul_sigmoid_sin_sum_tanh_0": {"compile_time_us": 7141376}}
V0911 12:00:50.481000 2314988 /home/z50063656/Pass/src/pytorch/torch/_dynamo/utils.py:2363] {"chromium_event": {}, "frame_id": 0, "frame_compile_id": 0, "attempt": 0, "has_payload": "cc0373827e598c42788032a249426d08"}
	{
	"name": "PyCodeCache.load_by_key_path",
	"ts": 1789099250480830.8,
	"args": {
	"compile_id": "0/0"
	},
	"ph": "E",
	"cat": "dynamo_timed",
	"tid": 0,
	"pid": 0
	}
V0911 12:00:50.481000 2314988 /home/z50063656/Pass/src/pytorch/torch/_dynamo/utils.py:2363] {"chromium_event": {}, "frame_id": 0, "frame_compile_id": 0, "attempt": 0, "has_payload": "565ab2bba362300c7b9d25aae425095b"}
	{
	"name": "code_gen",
	"ts": 1789099250481309.0,
	"args": {
	"fn_name": "GraphLowering.compile_to_module",
	"compile_id": "0/0"
	},
	"ph": "E",
	"cat": "dynamo_timed",
	"tid": 0,
	"pid": 0
	}
V0911 12:00:50.481000 2314988 /home/z50063656/Pass/src/pytorch/torch/_dynamo/utils.py:2363] {"chromium_event": {}, "frame_id": 0, "frame_compile_id": 0, "attempt": 0, "has_payload": "9ded355363db521b735a33b7d7e3b109"}
	{
	"name": "GraphLowering.compile_to_fn",
	"ts": 1789099250481575.2,
	"args": {
	"compile_id": "0/0"
	},
	"ph": "E",
	"cat": "dynamo_timed",
	"tid": 0,
	"pid": 0
	}
V0911 12:00:50.482000 2314988 /home/z50063656/Pass/src/pytorch/torch/_inductor/compile_fx.py:1765] {"artifact": {"name": "inductor_provenance_tracking_node_mappings", "encoding": "json"}, "frame_id": 0, "frame_compile_id": 0, "attempt": 0, "has_payload": "e34e57c3a7673a402edf8ef54ae9eb68"}
	{"preToPost": {"matmul": ["mm"], "a": ["tanh"], "matmul_1": ["mm_1"], "b": ["sigmoid"], "mul": ["mul"], "sin": ["sin"], "cos": ["cos"], "mul_1": ["mul_1"], "add": ["add"], "sum_1": ["sum_1"]}, "postToPre": {"mm": ["matmul"], "tanh": ["a"], "mm_1": ["matmul_1"], "sigmoid": ["b"], "mul": ["mul"], "sin": ["sin"], "cos": ["cos"], "mul_1": ["mul_1"], "add": ["add"], "sum_1": ["sum_1"]}, "cppCodeToPost": {"extern_kernels.mm:1": ["mm"], "extern_kernels.mm:2": ["mm_1"]}, "postToCppCode": {"mm": ["extern_kernels.mm:1"], "mm_1": ["extern_kernels.mm:2"]}, "version": 2.0}
V0911 12:00:50.482000 2314988 /home/z50063656/Pass/src/pytorch/torch/_inductor/compile_fx.py:1773] {"artifact": {"name": "inductor_provenance_tracking_kernel_stack_traces", "encoding": "json"}, "frame_id": 0, "frame_compile_id": 0, "attempt": 0, "has_payload": "0ac2406682dfbe05fea6c3805b034009"}
	{"extern_kernels.mm:1": ["  File \"/home/z50063656/Pass/src/pytorch/test/inductor/test_reorder_for_locality_in_training.py\", line 72, in forward\n    a = torch.tanh(x @ self.w1)\n                   ^^^^^^^^^^^^\n"], "extern_kernels.mm:2": ["  File \"/home/z50063656/Pass/src/pytorch/test/inductor/test_reorder_for_locality_in_training.py\", line 73, in forward\n    b = torch.sigmoid(x @ self.w2)\n                      ^^^^^^^^^^^^\n"]}
V0911 12:00:50.483000 2314988 /home/z50063656/Pass/src/pytorch/torch/_dynamo/utils.py:2402] {"chromium_event": {}, "frame_id": 0, "frame_compile_id": 0, "attempt": 0, "has_payload": "05b905eda1c3c1e1f75413d323a1025a"}
	{
	"name": "fx_graph_cache_disabled",
	"ts": 1789099229150066.0,
	"args": {
	"compile_id": "0/0"
	},
	"ph": "i",
	"cat": "dynamo_timed",
	"tid": 0,
	"pid": 0,
	"s": "p"
	}
V0911 12:00:50.483000 2314988 /home/z50063656/Pass/src/pytorch/torch/_dynamo/utils.py:2363] {"chromium_event": {}, "frame_id": 0, "frame_compile_id": 0, "attempt": 0, "has_payload": "f1620bf88965bfabdaa555468815b0db"}
	{
	"name": "fx_codegen_and_compile",
	"ts": 1789099250483702.0,
	"args": {
	"compile_id": "0/0"
	},
	"ph": "E",
	"cat": "dynamo_timed",
	"tid": 0,
	"pid": 0
	}
V0911 12:00:50.484000 2314988 /home/z50063656/Pass/src/pytorch/torch/_dynamo/utils.py:2363] {"chromium_event": {}, "frame_id": 0, "frame_compile_id": 0, "attempt": 0, "has_payload": "20857dd7701ff2ce3e8668ab39033b04"}
	{
	"name": "inductor_compile",
	"ts": 1789099250484479.5,
	"args": {
	"fn_name": "compile_fx_inner",
	"compile_id": "0/0",
	"is_backward": false,
	"cache_state": "disabled",
	"cache_event_time": 1789099229150065960,
	"key": null,
	"components": null,
	"cache_bypass_reason": "cache not enabled",
	"remote_cache_enabled": false,
	"local_cache_enabled": false
	},
	"ph": "E",
	"cat": "dynamo_timed",
	"tid": 0,
	"pid": 0
	}
V0911 12:00:50.484000 2314988 /home/z50063656/Pass/src/pytorch/torch/_dynamo/utils.py:2363] {"chromium_event": {}, "frame_id": 0, "frame_compile_id": 0, "attempt": 0, "has_payload": "71ba83342e503681749b56da04409e25"}
	{
	"name": "compile_fx.<locals>.fw_compiler_base",
	"ts": 1789099250484730.0,
	"args": {
	"compile_id": "0/0"
	},
	"ph": "E",
	"cat": "dynamo_timed",
	"tid": 0,
	"pid": 0
	}
V0911 12:00:50.485000 2314988 /home/z50063656/Pass/src/pytorch/torch/_functorch/_aot_autograd/codegen.py:200] {"artifact": {"name": "backward_prologue", "encoding": "string"}, "frame_id": 0, "frame_compile_id": 0, "attempt": 0, "has_payload": "4238bf813e1ce03c82ca6c4a5a87acd2"}
	def _backward_prologue(ctx_saved_tensors, ctx_symints, ctx_opaque_objects, flat_args):
	    stack = torch._C._functorch.peek_interpreter_stack()
	    torch._check(stack is None, lambda: ("It looks like you're trying to call a compiled backward function within vmap/grad/vjp, " "which isn't supported. Try wrapping vmap inside torch.compile, or skip compiling the " "backward function."),)
	    _gd = torch.are_deterministic_algorithms_enabled()
	    torch._check(not _gd, lambda: ('This compiled backward function is being run with ' 'torch.use_deterministic_algorithms(True), ' 'but it was previously generated during the forward function while ' 'torch.use_deterministic_algorithms(False) was set.'))
	    if len(flat_args) != 1:
	        raise AssertionError(f'expected 1 grad_outs, got {len(flat_args)}')
	    _bw_grads = [flat_args[0]]
	    if isinstance(flat_args, list):
	        flat_args.clear()
	    _n_saved = len(ctx_saved_tensors)
	    all_args = [*ctx_symints, *ctx_saved_tensors, *ctx_opaque_objects, *_bw_grads]
	    del ctx_saved_tensors
	    _ts = len(ctx_symints) + _n_saved + len(ctx_opaque_objects)
	    _te = _ts + 1
	    for j in range(1):
	        _i = _ts + j
	        all_args[_i] = _process_tangent_(all_args[_i], _tangent_metas_[j], j, _tangent_descs_[j], _compile_id_, _stack_traces_[j] if _stack_traces_ else None)[0]
	    return all_args
V0911 12:00:50.486000 2314988 /home/z50063656/Pass/src/pytorch/torch/_functorch/_aot_autograd/codegen.py:200] {"artifact": {"name": "backward_epilogue", "encoding": "string"}, "frame_id": 0, "frame_compile_id": 0, "attempt": 0, "has_payload": "05e4950fc2bc69d63c9ea9b85ac4dd3b"}
	def _backward_epilogue(out):
	    out = tuple(out)
	    return out
V0911 12:00:50.486000 2314988 /home/z50063656/Pass/src/pytorch/torch/_functorch/_aot_autograd/codegen.py:200] {"artifact": {"name": "compiled_function_forward", "encoding": "string"}, "frame_id": 0, "frame_compile_id": 0, "attempt": 0, "has_payload": "d16841a0f64abf2b78f0317ef37ab36b"}
	def _compiled_forward(ctx, args, _rng_add_, _save_, _finalize_, _compiled_fw_):
	    fw_outs = _compiled_fw_(list(args))
	    if isinstance(fw_outs, tuple):
	        fw_outs = list(fw_outs)
	    elif not isinstance(fw_outs, list):
	        fw_outs = [fw_outs]
	    _save_(ctx, fw_outs)
	    return _finalize_(ctx, fw_outs)
V0911 12:00:50.487000 2314988 /home/z50063656/Pass/src/pytorch/torch/_functorch/_aot_autograd/codegen.py:200] {"artifact": {"name": "compiled_function_backward", "encoding": "string"}, "frame_id": 0, "frame_compile_id": 0, "attempt": 0, "has_payload": "16353407b07f2410d2c5d52d3a0e66ad"}
	def _compiled_backward(_flat_args_, _ctx_, _prologue_, _rng_add_, _impl_, _epilogue_, _double_bw_):
	    if len(_flat_args_) != 1 or not isinstance(_flat_args_[0], list):
	        raise AssertionError('Compiled backward expects grads as a single mutable list ' f'argument, but got {len(_flat_args_)} args. ' 'Grads must be passed as [grad0, grad1, ...] to allow ' 'freeing individual grads mid-backward.')
	    grad_args = _flat_args_[0]
	    del _flat_args_
	    _saved = _ctx_.saved_tensors
	    all_args = _prologue_(_saved, _ctx_.symints, _ctx_.opaque_objects, grad_args)
	    del _saved
	    def impl_fn(double_ctx=None):
	        out = _impl_(_ctx_, all_args)
	        return _epilogue_(out)
	    if (torch._C._is_key_in_tls('context') and (_cc := torch._C._get_obj_in_tls('context')) is not None):
	        impl_fn = functools.partial(_cc.copy().run, impl_fn)
	    if torch.is_grad_enabled():
	        return _double_bw_(_ctx_, impl_fn, all_args)
	    return impl_fn()
V0911 12:00:50.487000 2314988 /home/z50063656/Pass/src/pytorch/torch/_functorch/_aot_autograd/codegen.py:200] {"artifact": {"name": "compiled_fn_wrapper", "encoding": "string"}, "frame_id": 0, "frame_compile_id": 0, "attempt": 0, "has_payload": "c36353471c14645b5c55a3d8b012ff12"}
	def _transform_raw_returns(raw_returns):
	    non_diff = []
	    return non_diff
V0911 12:00:50.488000 2314988 /home/z50063656/Pass/src/pytorch/torch/_functorch/_aot_autograd/codegen.py:200] {"artifact": {"name": "runtime_wrapper_orchestration", "encoding": "string"}, "frame_id": 0, "frame_compile_id": 0, "attempt": 0, "has_payload": "92926e9e79e6d32ce60af9f80929c59a"}
	def _runtime_wrapper(_compiled_fn_, _first_ctx_, _on_before_call_, args):
	    orig_inputs = {}
	    with _first_ctx_():
	        args_ = list(args)
	        prev_view_replay_enabled = torch._C._is_view_replay_enabled()
	        try:
	            if not prev_view_replay_enabled:
	                torch._C._set_view_replay_enabled(True)
	            with torch.enable_grad():
	                _on_before_call_()
	                all_outs = _compiled_fn_(args_)
	                if isinstance(all_outs, tuple):
	                    all_outs = list(all_outs)
	                elif not isinstance(all_outs, list):
	                    all_outs = [all_outs]
	        finally:
	            if torch._C._is_view_replay_enabled() != prev_view_replay_enabled:
	                torch._C._set_view_replay_enabled(prev_view_replay_enabled)
	    del args
	    if len(all_outs) != 1:
	        raise AssertionError(f"expected 1 outputs, got {len(all_outs)}")
	    fw_outs = all_outs
	    ret_outs = fw_outs
	    return ret_outs
V0911 12:00:50.492000 2314988 /home/z50063656/Pass/src/pytorch/torch/_dynamo/utils.py:2363] {"chromium_event": {}, "frame_id": 0, "frame_compile_id": 0, "attempt": 0, "has_payload": "5754223d73ce93a0c61facb67a9a29c8"}
	{
	"name": "create_aot_dispatcher_function",
	"ts": 1789099250492569.0,
	"args": {
	"compile_id": "0/0"
	},
	"ph": "E",
	"cat": "dynamo_timed",
	"tid": 0,
	"pid": 0
	}
V0911 12:00:50.493000 2314988 /home/z50063656/Pass/src/pytorch/torch/_dynamo/utils.py:2363] {"chromium_event": {}, "frame_id": 0, "frame_compile_id": 0, "attempt": 0, "has_payload": "7d69fc0cb8f3e4004004057196c51de2"}
	{
	"name": "backend_compile",
	"ts": 1789099250493177.2,
	"args": {
	"fn_name": "OutputGraph.call_user_compiler",
	"compile_id": "0/0",
	"requires_subclass_dispatch": false,
	"dispatch_mode": "autograd"
	},
	"ph": "E",
	"cat": "dynamo_timed",
	"tid": 0,
	"pid": 0
	}
V0911 12:00:50.496000 2314988 /home/z50063656/Pass/src/pytorch/torch/_dynamo/utils.py:2363] {"chromium_event": {}, "frame_id": 0, "frame_compile_id": 0, "attempt": 0, "has_payload": "5e2f62e0225419e05d2b51f5f0900b35"}
	{
	"name": "compile_attempt_0",
	"ts": 1789099250496771.8,
	"args": {
	"compile_id": "0/0"
	},
	"ph": "E",
	"cat": "dynamo_timed",
	"tid": 0,
	"pid": 0
	}
V0911 12:00:50.497000 2314988 /home/z50063656/Pass/src/pytorch/torch/_dynamo/utils.py:2363] {"chromium_event": {}, "frame_id": 0, "frame_compile_id": 0, "attempt": 0, "has_payload": "0d52b378df4e18a803f39c067e64d178"}
	{
	"name": "build_guards",
	"ts": 1789099250497076.8,
	"args": {
	"compile_id": "0/0"
	},
	"ph": "B",
	"cat": "dynamo_timed",
	"tid": 0,
	"pid": 0
	}
V0911 12:00:50.509000 2314988 /home/z50063656/Pass/src/pytorch/torch/_dynamo/guards.py:4769] {"dynamo_cpp_guards_str": {}, "frame_id": 0, "frame_compile_id": 0, "attempt": 0, "has_payload": "98b7eeaef5dc76947ebad496aadf713e"}
	
	TREE_GUARD_MANAGER:
	+- RootGuardManager
	| +- LAMBDA_GUARD: torch._functorch.aot_autograd.utils.top_saved_tensors_hooks ids == None  # _dynamo/output_graph.py:1194 in init_ambient_guards
	| +- GLOBAL_STATE: ___check_global_state() against {"allow_bf16_reduce":0,"allow_fp16_reduce":0,"allow_tf32":false,"autocast_state":{"cached_enabled":true,"dtype":[15,5,5,15,5,5,15,15,5,5],"enabled":[false,false,false,false,false,false,false,false,false,false]},"default_dtype":6,"deterministic_algorithms":false,"deterministic_algorithms_warn_only":false,"grad_mode":true,"num_threads":256,"torch_function":true,"torch_function_all_disabled":false}
	| +- TORCH_FUNCTION_MODE_STACK: ___check_torch_function_mode_stack()
	| +- DEFAULT_DEVICE: utils_device.CURRENT_DEVICE == None                           # _dynamo/output_graph.py:1181 in init_ambient_guards
	| +- GuardManager: source=L['x'], accessed_by=FrameLocalsGuardAccessor(key='x', framelocals_idx=1), type=<class 'torch.Tensor'>, tag_safe=(False, False)
	| | +- TENSOR_MATCH: check_tensor(L['x'], Tensor, DispatchKeySet(PrivateUse1, BackendSelect, ADInplaceOrView, AutogradPrivateUse1), torch.float32, device=0, requires_grad=False, size=[8, 16], stride=[16, 1])  # a = torch.tanh(x @ self.w1)  # test/inductor/test_reorder_for_locality_in_training.py:72 in forward
	| | +- DIMENSION_DYNAMIC_MARKING_GUARD: hasattr(L['x'], '_dynamo_dynamic_indices') == False           # a = torch.tanh(x @ self.w1)  # test/inductor/test_reorder_for_locality_in_training.py:72 in forward
	| | +- DIMENSION_DYNAMIC_MARKING_GUARD: hasattr(L['x'], '_dynamo_weak_dynamic_indices') == False      # a = torch.tanh(x @ self.w1)  # test/inductor/test_reorder_for_locality_in_training.py:72 in forward
	| | +- DIMENSION_DYNAMIC_MARKING_GUARD: hasattr(L['x'], '_dynamo_unbacked_indices') == False          # a = torch.tanh(x @ self.w1)  # test/inductor/test_reorder_for_locality_in_training.py:72 in forward
	| | +- DIMENSION_DYNAMIC_MARKING_GUARD: hasattr(L['x'], '_dynamo_strict_unbacked_indices') == False   # a = torch.tanh(x @ self.w1)  # test/inductor/test_reorder_for_locality_in_training.py:72 in forward
	| | +- DIMENSION_DYNAMIC_MARKING_GUARD: hasattr(L['x'], '_dynamo_static_indices') == False            # a = torch.tanh(x @ self.w1)  # test/inductor/test_reorder_for_locality_in_training.py:72 in forward
	| +- GuardManager: source=G, accessed_by=GlobalsGuardAccessor, type=<class 'dict'>, tag_safe=(False, False)
	| | +- GuardManager: source=G['torch'], accessed_by=DictGetItemGuardAccessor('torch'), type=<class 'module'>, tag_safe=(False, False)
	| | | +- ID_MATCH: ___check_obj_id(G['torch'], 281473153245616), type=<class 'module'>  # a = torch.tanh(x @ self.w1)  # test/inductor/test_reorder_for_locality_in_training.py:72 in forward
	| | | +- GuardManager: source=G['torch'].cos, accessed_by=GetAttrGuardAccessor(cos), type=<class 'builtin_function_or_method'>, tag_safe=(False, False)
	| | | | +- ID_MATCH: ___check_obj_id(G['torch'].cos, 281473140931808), type=<class 'builtin_function_or_method'>  # return (a * b + torch.sin(a) * torch.cos(b)).sum(dim=1)  # test/inductor/test_reorder_for_locality_in_training.py:74 in forward
	| | | +- GuardManager: source=G['torch'].sin, accessed_by=GetAttrGuardAccessor(sin), type=<class 'builtin_function_or_method'>, tag_safe=(False, False)
	| | | | +- ID_MATCH: ___check_obj_id(G['torch'].sin, 281473140958256), type=<class 'builtin_function_or_method'>  # return (a * b + torch.sin(a) * torch.cos(b)).sum(dim=1)  # test/inductor/test_reorder_for_locality_in_training.py:74 in forward
	| | | +- GuardManager: source=G['torch'].tanh, accessed_by=GetAttrGuardAccessor(tanh), type=<class 'builtin_function_or_method'>, tag_safe=(False, False)
	| | | | +- ID_MATCH: ___check_obj_id(G['torch'].tanh, 281473140895440), type=<class 'builtin_function_or_method'>  # a = torch.tanh(x @ self.w1)  # test/inductor/test_reorder_for_locality_in_training.py:72 in forward
	| | | +- GuardManager: source=G['torch'].sigmoid, accessed_by=GetAttrGuardAccessor(sigmoid), type=<class 'builtin_function_or_method'>, tag_safe=(False, False)
	| | | | +- ID_MATCH: ___check_obj_id(G['torch'].sigmoid, 281473140845728), type=<class 'builtin_function_or_method'>  # b = torch.sigmoid(x @ self.w2)  # test/inductor/test_reorder_for_locality_in_training.py:73 in forward
	| +- GuardManager: source=L['self'], accessed_by=FrameLocalsGuardAccessor(key='self', framelocals_idx=0), type=<class 'community_reorder._TwoBranch'>, tag_safe=(False, False)
	| | +- TYPE_MATCH: ___check_type_id(L['self'], 187651280824768), type=<class 'community_reorder._TwoBranch'>  # a = torch.tanh(x @ self.w1)  # test/inductor/test_reorder_for_locality_in_training.py:72 in forward (HINT: type _TwoBranch)
	| | +- GuardManager: source=L['self'].__dict__, accessed_by=GetGenericDictGuardAccessor, type=<class 'dict'>, tag_safe=(False, False)
	| | | +- GuardManager: source=L['self']._parameters, accessed_by=DictGetItemGuardAccessor('_parameters'), type=<class 'dict'>, tag_safe=(False, False)
	| | | | +- TYPE_MATCH: ___check_type_id(L['self']._parameters, 187650754354664), type=<class 'dict'>  # a = torch.tanh(x @ self.w1)  # test/inductor/test_reorder_for_locality_in_training.py:72 in forward (HINT: type dict)
	| | | | +- GuardManager: source=L['self']._parameters['w1'], accessed_by=DictGetItemGuardAccessor('w1'), type=<class 'torch.nn.parameter.Parameter'>, tag_safe=(False, False)
	| | | | | +- TENSOR_MATCH: check_tensor(L['self']._parameters['w1'], Parameter, DispatchKeySet(PrivateUse1, BackendSelect, ADInplaceOrView, AutogradPrivateUse1), torch.float32, device=0, requires_grad=True, size=[16, 16], stride=[16, 1])  # a = torch.tanh(x @ self.w1)  # test/inductor/test_reorder_for_locality_in_training.py:72 in forward
	| | | | | +- DIMENSION_DYNAMIC_MARKING_GUARD: hasattr(L['self']._parameters['w1'], '_dynamo_dynamic_indices') == False  # a = torch.tanh(x @ self.w1)  # test/inductor/test_reorder_for_locality_in_training.py:72 in forward
	| | | | | +- DIMENSION_DYNAMIC_MARKING_GUARD: hasattr(L['self']._parameters['w1'], '_dynamo_weak_dynamic_indices') == False  # a = torch.tanh(x @ self.w1)  # test/inductor/test_reorder_for_locality_in_training.py:72 in forward
	| | | | | +- DIMENSION_DYNAMIC_MARKING_GUARD: hasattr(L['self']._parameters['w1'], '_dynamo_unbacked_indices') == False  # a = torch.tanh(x @ self.w1)  # test/inductor/test_reorder_for_locality_in_training.py:72 in forward
	| | | | | +- DIMENSION_DYNAMIC_MARKING_GUARD: hasattr(L['self']._parameters['w1'], '_dynamo_strict_unbacked_indices') == False  # a = torch.tanh(x @ self.w1)  # test/inductor/test_reorder_for_locality_in_training.py:72 in forward
	| | | | | +- DIMENSION_DYNAMIC_MARKING_GUARD: hasattr(L['self']._parameters['w1'], '_dynamo_static_indices') == False  # a = torch.tanh(x @ self.w1)  # test/inductor/test_reorder_for_locality_in_training.py:72 in forward
	| | | | +- GuardManager: source=L['self']._parameters['w2'], accessed_by=DictGetItemGuardAccessor('w2'), type=<class 'torch.nn.parameter.Parameter'>, tag_safe=(False, False)
	| | | | | +- TENSOR_MATCH: check_tensor(L['self']._parameters['w2'], Parameter, DispatchKeySet(PrivateUse1, BackendSelect, ADInplaceOrView, AutogradPrivateUse1), torch.float32, device=0, requires_grad=True, size=[16, 16], stride=[16, 1])  # b = torch.sigmoid(x @ self.w2)  # test/inductor/test_reorder_for_locality_in_training.py:73 in forward
	| | | | | +- DIMENSION_DYNAMIC_MARKING_GUARD: hasattr(L['self']._parameters['w2'], '_dynamo_dynamic_indices') == False  # b = torch.sigmoid(x @ self.w2)  # test/inductor/test_reorder_for_locality_in_training.py:73 in forward
	| | | | | +- DIMENSION_DYNAMIC_MARKING_GUARD: hasattr(L['self']._parameters['w2'], '_dynamo_weak_dynamic_indices') == False  # b = torch.sigmoid(x @ self.w2)  # test/inductor/test_reorder_for_locality_in_training.py:73 in forward
	| | | | | +- DIMENSION_DYNAMIC_MARKING_GUARD: hasattr(L['self']._parameters['w2'], '_dynamo_unbacked_indices') == False  # b = torch.sigmoid(x @ self.w2)  # test/inductor/test_reorder_for_locality_in_training.py:73 in forward
	| | | | | +- DIMENSION_DYNAMIC_MARKING_GUARD: hasattr(L['self']._parameters['w2'], '_dynamo_strict_unbacked_indices') == False  # b = torch.sigmoid(x @ self.w2)  # test/inductor/test_reorder_for_locality_in_training.py:73 in forward
	| | | | | +- DIMENSION_DYNAMIC_MARKING_GUARD: hasattr(L['self']._parameters['w2'], '_dynamo_static_indices') == False  # b = torch.sigmoid(x @ self.w2)  # test/inductor/test_reorder_for_locality_in_training.py:73 in forward
	
	Guard latency = 53.93 us
V0911 12:00:50.510000 2314988 /home/z50063656/Pass/src/pytorch/torch/_dynamo/utils.py:2363] {"chromium_event": {}, "frame_id": 0, "frame_compile_id": 0, "attempt": 0, "has_payload": "3571711f8b64d919b0123a17b2c8e92b"}
	{
	"name": "build_guards",
	"ts": 1789099250510146.8,
	"args": {
	"compile_id": "0/0"
	},
	"ph": "E",
	"cat": "dynamo_timed",
	"tid": 0,
	"pid": 0
	}
V0911 12:00:50.521000 2314988 /home/z50063656/Pass/src/pytorch/torch/_dynamo/utils.py:2363] {"chromium_event": {}, "frame_id": 0, "frame_compile_id": 0, "attempt": 0, "has_payload": "8a695941eb4e3c1a3b07b751ab2c6f24"}
	{
	"name": "gc",
	"ts": 1789099250521390.8,
	"args": {
	"compile_id": "0/0"
	},
	"ph": "B",
	"cat": "dynamo_timed",
	"tid": 0,
	"pid": 0
	}
V0911 12:00:50.522000 2314988 /home/z50063656/Pass/src/pytorch/torch/_dynamo/utils.py:2363] {"chromium_event": {}, "frame_id": 0, "frame_compile_id": 0, "attempt": 0, "has_payload": "ce1ea4d19e2237ac2091eb0b80faf614"}
	{
	"name": "gc",
	"ts": 1789099250521954.8,
	"args": {
	"compile_id": "0/0"
	},
	"ph": "E",
	"cat": "dynamo_timed",
	"tid": 0,
	"pid": 0
	}
V0911 12:00:50.522000 2314988 /home/z50063656/Pass/src/pytorch/torch/_dynamo/utils.py:2363] {"chromium_event": {}, "frame_id": 0, "frame_compile_id": 0, "attempt": 0, "has_payload": "62a6815d500540cf211877c4e71aaceb"}
	{
	"name": "entire_frame_compile",
	"ts": 1789099250522445.8,
	"args": {
	"fn_name": "_compile.compile_inner",
	"compile_id": "0/0"
	},
	"ph": "E",
	"cat": "dynamo_timed",
	"tid": 0,
	"pid": 0
	}
V0911 12:00:50.525000 2314988 /home/z50063656/Pass/src/pytorch/torch/_dynamo/utils.py:2022] {"compilation_metrics": {"compile_id": "0/0", "frame_key": "1", "co_name": "forward", "co_filename": "/home/z50063656/Pass/src/pytorch/test/inductor/test_reorder_for_locality_in_training.py", "co_firstlineno": 71, "cache_size": 0, "accumulated_cache_size": 0, "guard_count": 17, "shape_env_guard_count": 0, "graph_op_count": 10, "graph_node_count": 14, "graph_input_count": 3, "start_time": 1789099228.416355, "entire_frame_compile_time_s": 22.106077, "backend_compile_time_s": 21.992361, "inductor_compile_time_s": 21.362616, "code_gen_time_s": 7.48918, "fail_type": null, "fail_reason": null, "fail_user_frame_filename": null, "fail_user_frame_lineno": null, "non_compliant_ops": [], "compliant_custom_ops": [], "restart_reasons": [], "dynamo_time_before_restart_s": 0.0, "stack_trace": ["Line: 79, Name: <module>, Filename: /home/z50063656/Pass/Subgraph-Fusion-Pass-Optimization/issues/REF-reorder-locality-training-native/npu_adapter.py", "Line: 57, Name: main, Filename: /home/z50063656/Pass/Subgraph-Fusion-Pass-Optimization/issues/REF-reorder-locality-training-native/npu_adapter.py", "Line: 94, Name: _train_once, Filename: /home/z50063656/Pass/src/pytorch/test/inductor/test_reorder_for_locality_in_training.py", "Line: 563, Name: __call__, Filename: /home/z50063656/Pass/src/pytorch/torch/_dynamo/eval_frame.py", "Line: 1783, Name: _wrapped_call_impl, Filename: /home/z50063656/Pass/src/pytorch/torch/nn/modules/module.py", "Line: 1794, Name: _call_impl, Filename: /home/z50063656/Pass/src/pytorch/torch/nn/modules/module.py", "Line: 1261, Name: compile_wrapper, Filename: /home/z50063656/Pass/src/pytorch/torch/_dynamo/eval_frame.py", "Line: 71, Name: forward, Filename: /home/z50063656/Pass/src/pytorch/test/inductor/test_reorder_for_locality_in_training.py"], "exception_stack_trace": null, "graph_node_shapes": "{'l_self_parameters_w1_': [16, 16], 'l_x_': [8, 16], 'l_self_parameters_w2_': [16, 16], 'matmul': [8, 16], 'a': [8, 16], 'matmul_1': [8, 16], 'b': [8, 16], 'mul': [8, 16], 'sin': [8, 16], 'cos': [8, 16], 'mul_1': [8, 16], 'add': [8, 16], 'sum_1': [8]}", "has_guarded_code": true, "remote_cache_time_saved_s": null, "structured_logging_overhead_s": 0.063635, "config_suppress_errors": false, "config_inline_inbuilt_nn_modules": true, "specialize_float": false, "dynamo_config": "{\"_autograd_backward_strict_mode_conditional_banned_ops\": [\"stride\", \"storage_offset\", \"is_contiguous\"], \"_dynamic_shapes_spec\": null, \"_unsafe_skip_fsdp_module_guards\": false, \"accumulated_recompile_limit\": 256, \"allow_empty_graphs\": false, \"allow_ignore_mark_dynamic\": false, \"allow_rnn\": false, \"allow_unspec_int_on_nn_module\": false, \"allowed_functions_module_string_ignorelist\": [\"torch._decomp\", \"torch._prims\", \"torch._refs\", \"torch.distributions\", \"torch.testing\"], \"assume_dunder_attributes_remain_unchanged\": true, \"assume_static_by_default\": true, \"automatic_dynamic_exclusion_guard\": false, \"automatic_dynamic_local_pgo\": true, \"automatic_dynamic_remote_pgo\": null, \"automatic_dynamic_shapes\": true, \"automatic_dynamic_shapes_mark_as\": \"dynamic\", \"caching_precompile\": false, \"canonicalize_output_graph_node_order\": false, \"capture_autograd_function\": true, \"capture_dynamic_output_shape_ops\": false, \"capture_func_transforms\": true, \"capture_profiler_record_function\": false, \"capture_scalar_outputs\": false, \"capture_sparse_compute\": true, \"compiled_autograd\": false, \"compiled_autograd_kwargs_override\": {}, \"computed_lazy_constant_max_nodes\": 64, \"constant_fold_autograd_profiler_enabled\": false, \"cprofile\": false, \"cudagraph_backend_keep_input_mutation\": false, \"cudagraph_backend_support_input_mutation\": false, \"dead_code_elimination\": null, \"debug_backend_override\": \"\", \"debug_disable_compile_counter\": false, \"debug_dynamo_config_override\": \"\", \"debug_force_graph_break_on_leaf_return\": false, \"debug_force_nested_calls\": false, \"debug_inductor_config_override\": \"\", \"disable\": false, \"do_not_emit_runtime_asserts\": false, \"dont_skip_tracing\": false, \"dynamic_shapes\": true, \"dynamo_profiler\": false, \"enable_aot_compile\": true, \"enable_compiler_collectives\": false, \"enable_cpp_framelocals_guard_eval\": true, \"enable_cpp_guard_manager\": true, \"enable_cpp_symbolic_shape_guards\": false, \"enable_dynamo_decompositions\": true, \"enable_faithful_generator_behavior\": true, \"enable_invoke_subgraph_regional_compile\": false, \"enable_p2p_compilation\": false, \"enable_trace_contextlib\": true, \"enable_trace_load_build_class\": false, \"enable_trace_unittest\": false, \"error_on_dynamo_callback_in_fullgraph_compiled_code\": false, \"error_on_nested_fx_trace\": true, \"error_on_nested_jit_trace\": true, \"error_on_recompile\": false, \"fail_on_recompile_limit_hit\": false, \"fake_tensor_cache_crosscheck_enabled\": false, \"fake_tensor_cache_enabled\": true, \"fake_tensor_disable_inference_mode\": true, \"force_compile_during_fx_trace\": false, \"force_nn_module_property_static_shapes\": true, \"force_parameter_static_shapes\": true, \"force_unspec_int_unbacked_size_like_on_torchrec_kjt\": false, \"generate_pycode\": false, \"graph_break_on_nn_param_ctor\": true, \"graph_deduplication_lint\": false, \"guard_nn_modules\": true, \"guard_nn_modules_using_dict_tags\": true, \"inline_inbuilt_nn_modules\": true, \"inline_invoke_subgraph\": false, \"inline_single_use_invoke_subgraph\": true, \"inline_torch_dispatch_torch_compile\": true, \"install_free_tensors\": false, \"install_free_tensors_for_export\": true, \"invalidate_compile_context_weakrefs\": null, \"issue_3_13_0_warning\": true, \"leaf_function_check_escaped_gradients\": false, \"leaf_function_validate_outputs\": false, \"log_graph_in_out_metadata\": false, \"max_saved_pointers_for_recursive_dict_tags_check\": 256, \"minimum_call_count\": 1, \"nested_graph_breaks\": false, \"numpy_default_complex\": \"complex128\", \"numpy_default_float\": \"float64\", \"numpy_default_int\": \"int64\", \"only_allow_pt2_compliant_ops\": false, \"optimize_ddp\": true, \"optimize_ddp_lazy_compile\": false, \"prefer_deferred_runtime_asserts_over_guards\": false, \"prepare_freezing\": false, \"pt2_compile_id_prefix\": null, \"raise_on_ctx_manager_usage\": true, \"raise_on_unsafe_aot_autograd\": false, \"recompile_limit\": 8, \"record_compile_time_instruction_count\": false, \"record_runtime_overhead\": true, \"replay_record_enabled\": false, \"replay_side_effects\": true, \"report_guard_failures\": true, \"rewrite_assert_with_torch_assert\": true, \"run_gc_after_compile\": true, \"side_effect_replay_policy\": \"info\", \"skip_code_recursive_on_recompile_limit_hit\": true, \"skip_fsdp_guards\": true, \"skip_fwd_side_effects_in_bwd_under_checkpoint\": false, \"skip_guards_on_constant_func_defaults\": false, \"skip_nnmodule_hook_guards\": true, \"skip_no_tensor_aliasing_guards_on_parameters\": true, \"skip_tensor_guards_with_matching_dict_tags\": true, \"skip_torchrec\": true, \"skipfiles_inline_module_allowlist\": {}, \"specialize_float\": false, \"specialize_int\": false, \"strict_precompile\": false, \"suppress_errors\": false, \"trace_autograd_ops\": false, \"trace_numpy\": true, \"track_nodes_for_deduplication\": false, \"use_graph_deduplication\": false, \"use_lamba_guard_for_object_aliasing\": false, \"use_lazy_graph_module\": true, \"use_numpy_random_stream\": false, \"use_recursive_dict_tags_for_guards\": false, \"verify_correctness\": false, \"wrap_top_frame\": false}", "compiler_config": "{\"cache_key_tag\": \"\", \"compile_on_one_rank\": false, \"dynamic_sources\": \"\", \"dynamic_values\": \"\", \"force_cudagraph_gc\": false, \"force_disable_caches\": true, \"job_id\": null, \"pgo_extra_read_key\": null, \"pgo_extra_write_key\": null, \"unbacked_sources\": \"\"}", "is_forward": true, "num_triton_bundles": null, "remote_fx_graph_cache_get_time_ms": null, "remote_fx_graph_cache_put_time_ms": null, "start_time_us": 1789099228416355, "duration_us": 22106077, "dynamo_cumulative_compile_time_us": 22106077, "aot_autograd_cumulative_compile_time_us": 21992361, "inductor_cumulative_compile_time_us": 21362616, "inductor_code_gen_cumulative_compile_time_us": 7489180, "triton_compile_time_us": 7141717, "runtime_cudagraphify_time_us": null, "runtime_triton_autotune_time_us": null, "dynamo_compile_time_before_restart_us": 0, "distributed_ephemeral_timeout_us": null, "structured_logging_overhead_us": 63635, "remote_fx_graph_cache_get_time_us": null, "remote_fx_graph_cache_put_time_us": null, "backward_cumulative_compile_time_us": null, "end_time_us": 1789099250522665, "pre_grad_pass_time_us": 9346, "post_grad_pass_time_us": 44379, "joint_graph_pass_time_us": 432785, "log_format_version": 3, "inductor_config": "{\"TYPE_CHECKING\": false, \"_cache_config_factory_keys\": [\"inductor_choices_class\"], \"_cache_config_ignore_prefix\": [\"trace\", \"cuda.cutlass_dir\", \"cutlass.cutlass_dir\", \"xpu.cutlass_dir\", \"worker_start_method\", \"compile_threads\", \"post_grad_custom_post_pass\", \"post_grad_custom_pre_pass\", \"joint_custom_pre_pass\", \"joint_custom_post_pass\", \"pre_grad_custom_pass\", \"_fuse_ddp_communication_passes\", \"_pre_fusion_custom_pass\", \"cudagraph_policy\", \"force_disable_cudagraph_TESTING_ONLY\", \"pre_grad_pass_timing\", \"fx_graph_cache\", \"fx_graph_remote_cache\", \"autotune_local_cache\", \"autotune_remote_cache\"], \"_collective.auto_select\": false, \"_collective.one_shot_all_reduce_threshold_bytes\": 131072, \"_conv_default_backends\": \"ATEN\", \"_fuse_ddp_bucket_size\": 25, \"_fuse_ddp_communication\": false, \"_fuse_ddp_communication_passes\": [\"fuse_ddp_with_concat_op\", \"schedule_comm_wait\"], \"_micro_pipeline_tp\": false, \"_partitioned_scatter_default\": \"0\", \"_post_fusion_custom_pass\": null, \"_pre_fusion_custom_pass\": null, \"_profile_var\": \"\", \"_raise_error_for_testing\": false, \"_realize_acc_reads_threshold_default\": 8, \"_realize_opcount_threshold_default\": 30, \"_save_config_ignore\": [\"trace.upload_tar\", \"joint_custom_pre_pass\", \"joint_custom_post_pass\", \"pre_grad_custom_pass\", \"aot_inductor.repro_level\", \"aot_inductor.dump_aoti_minifier\", \"post_grad_custom_pre_pass\", \"post_grad_custom_post_pass\", \"_fuse_ddp_communication_passes\", \"_pre_fusion_custom_pass\", \"cudagraph_policy\"], \"_use_fp64_for_unbacked_floats\": true, \"add_pre_grad_passes\": null, \"aggressive_fusion\": false, \"align_random_eager\": false, \"alignment_asserts\": true, \"allow_buffer_reuse\": false, \"always_keep_tensor_constants\": false, \"annotate_training\": false, \"aot_inductor.allow_stack_allocation\": false, \"aot_inductor.aoti_shim_library\": null, \"aot_inductor.aoti_shim_library_path\": null, \"aot_inductor.autotune_per_kernel_alloc\": false, \"aot_inductor.check_lowerbound\": true, \"aot_inductor.compile_wrapper_opt_level\": \"O1\", \"aot_inductor.cross_target_platform\": null, \"aot_inductor.custom_op_libs\": null, \"aot_inductor.custom_ops_to_c_shims\": {}, \"aot_inductor.debug_compile\": false, \"aot_inductor.debug_intermediate_value_printer\": \"0\", \"aot_inductor.debug_symbols\": false, \"aot_inductor.dump_aoti_minifier\": false, \"aot_inductor.dynamic_linkage\": true, \"aot_inductor.embed_kernel_binary\": null, \"aot_inductor.emit_multi_arch_kernel\": null, \"aot_inductor.enable_frame_pointer\": true, \"aot_inductor.enable_line_tables\": true, \"aot_inductor.enable_lto\": false, \"aot_inductor.filtered_kernel_names\": null, \"aot_inductor.force_mmap_weights\": false, \"aot_inductor.link_libtorch\": true, \"aot_inductor.metadata\": {}, \"aot_inductor.model_name_for_generated_files\": null, \"aot_inductor.output_path\": \"\", \"aot_inductor.package\": false, \"aot_inductor.package_constants_in_so\": true, \"aot_inductor.package_constants_on_disk_format\": null, \"aot_inductor.package_cpp_only\": null, \"aot_inductor.precompile_headers\": true, \"aot_inductor.presets\": {}, \"aot_inductor.raise_error_on_ignored_optimization\": true, \"aot_inductor.repro_level\": 2, \"aot_inductor.serialized_in_spec\": \"\", \"aot_inductor.serialized_out_spec\": \"\", \"aot_inductor.use_consts_asm_build\": true, \"aot_inductor.use_minimal_arrayref_interface\": false, \"aot_inductor.use_runtime_constant_folding\": false, \"aot_inductor.weight_use_caching_allocator\": false, \"aot_inductor_mode.compile_standalone\": false, \"apply_gumbel_max_trick\": true, \"assert_indirect_indexing\": true, \"assume_32bit_indexing\": false, \"assume_aligned_inputs\": false, \"assume_unaligned_fallback_output\": false, \"aten_distributed_optimizations.allow_comms_decompositions\": false, \"aten_distributed_optimizations.bucket_exposed_first\": null, \"aten_distributed_optimizations.bucket_mode\": null, \"aten_distributed_optimizations.bucket_only_internode_comms\": false, \"aten_distributed_optimizations.collective_bucketing\": null, \"aten_distributed_optimizations.collective_estimator\": \"analytical\", \"aten_distributed_optimizations.compute_estimator\": \"benchmark\", \"aten_distributed_optimizations.compute_overlap_multipler\": null, \"aten_distributed_optimizations.custom_runtime_estimation\": null, \"aten_distributed_optimizations.enable_fusion_regions\": true, \"aten_distributed_optimizations.enable_low_contention_collectives\": false, \"aten_distributed_optimizations.enable_overlap_scheduling\": false, \"aten_distributed_optimizations.enable_simple_overlap\": true, \"aten_distributed_optimizations.insert_overlap_deps\": null, \"aten_distributed_optimizations.log_final_collectives_estimations\": false, \"aten_distributed_optimizations.low_contention_all_gather_ce_multicast\": false, \"aten_distributed_optimizations.low_contention_min_bytes_per_rank\": 16777216, \"aten_distributed_optimizations.low_contention_skip_overlap_check\": false, \"aten_distributed_optimizations.max_coll_distance\": null, \"aten_distributed_optimizations.max_compute_pre_fetch\": null, \"aten_distributed_optimizations.max_in_flight_gb\": null, \"aten_distributed_optimizations.max_memory_increase_gb\": null, \"aten_distributed_optimizations.max_memory_increase_ratio\": null, \"aten_distributed_optimizations.overlap_scheduling_autofix_cycles\": false, \"aten_distributed_optimizations.pre_bucketing_fsdp_collectives\": true, \"aten_distributed_optimizations.pre_bucketing_fsdp_collectives_bucket_cap_mb\": null, \"aten_distributed_optimizations.pre_bucketing_fsdp_collectives_max_bucket_cap_mb\": 500.0, \"aten_distributed_optimizations.pre_bucketing_fsdp_collectives_min_bucket_cap_mb\": 10.0, \"aten_distributed_optimizations.pre_bucketing_fsdp_collectives_saturation_calibration_multiplier\": 1.0, \"aten_distributed_optimizations.pre_bucketing_fsdp_collectives_verbose\": false, \"aten_distributed_optimizations.prioritize_bucketing_during_scheduling\": true, \"aten_distributed_optimizations.profile_guided_estimations_profile_path\": null, \"aten_distributed_optimizations.spmd_check\": false, \"aten_distributed_optimizations.spmd_mismatch\": \"warn\", \"auto_chunker.amplify_ratio_threshold\": 8, \"auto_chunker.enable\": false, \"auto_chunker.num_chunk\": null, \"auto_chunker.output_size_threshold\": 1048576, \"autoheuristic_collect.mixed_mm\": false, \"autoheuristic_collect.pad_mm\": false, \"autoheuristic_log_path\": \"DEFAULT\", \"autoheuristic_use.mixed_mm\": true, \"autoheuristic_use.pad_mm\": null, \"autotune_cudagraph_benchmarking\": false, \"autotune_fallback_to_aten\": false, \"autotune_in_subproc\": false, \"autotune_local_cache\": true, \"autotune_lookup_table\": {}, \"autotune_multi_device\": false, \"autotune_num_choices_displayed\": 10, \"autotune_remote_cache\": null, \"b2b_gemm_pass\": false, \"batch_fusion\": true, \"batch_invariant\": false, \"benchmark_combo_kernel\": false, \"benchmark_epilogue_fusion\": true, \"benchmark_fusion\": false, \"benchmark_harness\": true, \"benchmark_kernel\": false, \"bucket_all_gathers_bucket_mode\": \"default\", \"bucket_all_gathers_fx\": \"none\", \"bucket_all_gathers_fx_bucket_size_determinator\": null, \"bucket_all_reduces_fx\": \"none\", \"bucket_all_reduces_fx_bucket_size_determinator\": null, \"bucket_reduce_scatters_bucket_mode\": \"default\", \"bucket_reduce_scatters_fx\": \"none\", \"bucket_reduce_scatters_fx_bucket_size_determinator\": null, \"bundle_triton_into_fx_graph_cache\": true, \"bundled_autotune_remote_cache\": null, \"bw_outputs_user_visible\": true, \"cache_sdpa_constraint\": false, \"can_inplace_pad_graph_input\": false, \"check_stack_no_cycles_TESTING_ONLY\": false, \"collective_benchmark_nruns\": 50, \"collective_benchmark_timeout\": 30.0, \"combo_kernel_allow_mixed_sizes\": 1, \"combo_kernel_autotune_grouping\": true, \"combo_kernel_compile_time_autotune\": false, \"combo_kernel_foreach_dynamic_shapes\": true, \"combo_kernel_max_distance\": -1, \"combo_kernel_max_num_args\": 250, \"combo_kernel_max_num_nodes\": 8, \"combo_kernel_peak_memory_increase_gb\": null, \"combo_kernel_peak_memory_pct_threshold\": 0.05, \"combo_kernel_per_subkernel_blocks\": false, \"combo_kernels\": false, \"combo_kernels_autotune\": 1, \"combo_kernels_pointwise_only\": false, \"comment_origin\": false, \"compile_threads\": 1, \"compile_worker_wait_timeout\": 0, \"compile_worker_watchdog_interval_seconds\": 60, \"comprehensive_padding\": true, \"compute_all_bounds\": false, \"constant_and_index_propagation\": true, \"conv_1x1_as_mm\": false, \"coordinate_descent_check_all_directions\": false, \"coordinate_descent_search_radius\": 1, \"coordinate_descent_tuning\": false, \"cpp.cxx\": [null, \"g++\"], \"cpp.descriptive_names\": \"original_aten\", \"cpp.dynamic_threads\": false, \"cpp.enable_concat_linear\": false, \"cpp.enable_floating_point_contract_flag\": \"off\", \"cpp.enable_grouped_gemm_template\": false, \"cpp.enable_kernel_context_guard\": false, \"cpp.enable_kernel_profile\": false, \"cpp.enable_loop_tail_vec\": true, \"cpp.enable_tiling_heuristics\": true, \"cpp.enable_unsafe_math_opt_flag\": false, \"cpp.fallback_scatter_reduce_sum\": true, \"cpp.force_inline_kernel\": false, \"cpp.gemm_cache_blocking\": null, \"cpp.gemm_max_k_slices\": 1, \"cpp.gemm_thread_factors\": null, \"cpp.inject_log1p_bug_TESTING_ONLY\": null, \"cpp.inject_relu_bug_TESTING_ONLY\": null, \"cpp.march\": null, \"cpp.max_horizontal_fusion_size\": 16, \"cpp.min_chunk_size\": 512, \"cpp.no_redundant_loops\": true, \"cpp.simdlen\": null, \"cpp.threads\": -1, \"cpp.use_constexpr_for_int_array\": true, \"cpp.use_decompose_tanh\": false, \"cpp.use_small_dequant_buffer\": false, \"cpp.use_two_step_variance_threshold\": 1024, \"cpp.vec_isa_ok\": null, \"cpp.weight_prepack\": true, \"cpp_cache_precompile_headers\": true, \"cpp_wrapper\": false, \"cpp_wrapper_build_separate\": false, \"cpu_backend\": \"cpp\", \"cpu_gpu_bw\": 50.0, \"cuda.arch\": null, \"cuda.binary_remote_cache_force_write\": false, \"cuda.compile_opt_level\": \"-O1\", \"cuda.cuda_cxx\": null, \"cuda.cutlass_backend_min_gemm_size\": 1, \"cuda.cutlass_dir\": \"/home/z50063656/Pass/src/pytorch/third_party/cutlass\", \"cuda.cutlass_dynamic_cluster_fallback\": [2, 1, 1], \"cuda.cutlass_dynamic_cluster_shape\": [2, 1, 1], \"cuda.cutlass_enabled_ops\": \"all\", \"cuda.cutlass_epilogue_fusion_enabled\": false, \"cuda.cutlass_hash_with_compile_cmd\": false, \"cuda.cutlass_instantiation_level\": \"0\", \"cuda.cutlass_max_profiling_configs\": null, \"cuda.cutlass_max_profiling_swizzle_options\": [1, 2, 4, 8], \"cuda.cutlass_op_allowlist_regex\": null, \"cuda.cutlass_op_denylist_regex\": null, \"cuda.cutlass_prescreening\": true, \"cuda.cutlass_tma_only\": false, \"cuda.enable_caching_codegen\": true, \"cuda.enable_cuda_lto\": false, \"cuda.enable_debug_info\": false, \"cuda.enable_ptxas_info\": false, \"cuda.generate_test_runner\": false, \"cuda.upload_to_binary_remote_cache\": false, \"cuda.use_binary_remote_cache\": true, \"cuda.use_fast_math\": false, \"cuda.version\": null, \"cuda_backend\": \"triton\", \"cudagraph_policy\": null, \"cudagraph_unsafe_unbacked_ops\": [], \"custom_partitioner_fn\": null, \"custom_should_partition_ops\": [], \"cutedsl_enable_autotuning\": false, \"cutlass.binary_remote_cache_force_write\": false, \"cutlass.compile_opt_level\": \"-O1\", \"cutlass.cutlass_backend_min_gemm_size\": 1, \"cutlass.cutlass_dir\": \"/home/z50063656/Pass/src/pytorch/third_party/cutlass\", \"cutlass.cutlass_dynamic_cluster_fallback\": [2, 1, 1], \"cutlass.cutlass_dynamic_cluster_shape\": [2, 1, 1], \"cutlass.cutlass_enabled_ops\": \"all\", \"cutlass.cutlass_epilogue_fusion_enabled\": false, \"cutlass.cutlass_hash_with_compile_cmd\": false, \"cutlass.cutlass_instantiation_level\": \"0\", \"cutlass.cutlass_max_profiling_configs\": null, \"cutlass.cutlass_max_profiling_swizzle_options\": [1, 2, 4, 8], \"cutlass.cutlass_op_allowlist_regex\": null, \"cutlass.cutlass_op_denylist_regex\": null, \"cutlass.cutlass_prescreening\": true, \"cutlass.cutlass_tma_only\": false, \"cutlass.enable_caching_codegen\": true, \"cutlass.enable_debug_info\": false, \"cutlass.generate_test_runner\": false, \"cutlass.upload_to_binary_remote_cache\": false, \"cutlass.use_binary_remote_cache\": true, \"cutlass.use_fast_math\": false, \"dce\": false, \"debug\": false, \"debug_fusion\": false, \"debug_index_asserts\": false, \"debug_ir_traceback\": false, \"decompose_mem_bound_mm\": false, \"decompose_shard_dim_alltoall\": false, \"dedup_reduce_scatters\": false, \"delay_realize_cheap_outputs\": true, \"deterministic\": false, \"developer_warnings\": true, \"disable_cpp_codegen\": false, \"disable_padding_cpu\": true, \"disable_progress\": true, \"disabled_passes\": \"\", \"distributed_max_autotune_gemm\": false, \"do_not_emit_runtime_assertions\": false, \"dynamic_scale_rblock\": true, \"eager_numerics.disable_ftz\": false, \"eager_numerics.division_rounding\": false, \"eager_numerics.use_pytorch_libdevice\": false, \"efficient_conv_bn_eval_fx_passes\": false, \"emulate_precision_casts\": false, \"emulate_precision_casts_on_saved_tensors\": true, \"enable_auto_functionalized_v2\": true, \"enable_autograd_for_aot\": false, \"enable_caching_generated_triton_templates\": true, \"enable_linear_binary_folding\": false, \"enable_shape_handling\": false, \"enabled_metric_tables\": \"\", \"epilogue_fusion\": true, \"epilogue_fusion_first\": false, \"epilogue_fusion_user_defined_triton_kernel\": false, \"epilogue_fusion_with_atomic_add\": false, \"estimate_op_runtime\": \"default\", \"expand_dimension_for_pointwise_nodes\": false, \"external_matmul\": [], \"fallback_by_default\": false, \"fallback_embedding_bag_byte_unpack\": false, \"fallback_random\": false, \"file_lock_timeout\": 600, \"force_disable_cudagraph_TESTING_ONLY\": false, \"force_fuse_int_mm_with_mul\": false, \"force_layout_optimization\": false, \"force_pointwise_cat\": false, \"force_shape_pad\": false, \"freezing\": false, \"freezing_discard_parameters\": false, \"fx_graph_cache\": false, \"fx_graph_remote_cache\": null, \"fx_passes_numeric_check\": {\"num_iterations\": 1, \"pre_grad\": false, \"precision\": 0.0001, \"requires_optimizer\": true}, \"fx_wrapper\": false, \"generate_intermediate_hooks\": false, \"global_cache_dir\": null, \"graph_partition\": true, \"group_fusion\": false, \"halide.asserts\": false, \"halide.cpu_target\": \"host\", \"halide.debug\": false, \"halide.gpu_target\": \"host-cuda\", \"halide.scan_kernels\": false, \"halide.scheduler_cpu\": \"Adams2019\", \"halide.scheduler_cuda\": \"Anderson2021\", \"implicit_fallbacks\": true, \"incremental_autotune\": false, \"inductor_choices_class\": null, \"inductor_default_autotune_rep\": 100, \"inductor_default_autotune_warmup\": 25, \"inplace_buffers\": true, \"inplace_padding\": true, \"inter_node_bw\": null, \"intra_node_bw\": null, \"is_nightly_or_source\": true, \"is_predispatch\": false, \"joint_custom_post_pass\": null, \"joint_custom_pre_pass\": null, \"joint_graph_constant_folding\": true, \"keep_addmm_fused_for_half_dtypes\": true, \"keep_output_stride\": true, \"keep_static_cubin_raw\": false, \"kernel_name_max_ops\": 10, \"layout_opt_default\": \"1\", \"layout_optimization\": false, \"log_tlparse\": false, \"lookup_table.check_src_hash\": true, \"lookup_table.table\": null, \"loop_index_inversion_in_fusion\": true, \"loop_ordering_after_fusion\": true, \"loop_reindexing_after_fusion\": true, \"max_autotune\": false, \"max_autotune_allow_flexible_layouts\": false, \"max_autotune_conv_backends\": \"ATEN,TRITON\", \"max_autotune_conv_bwd_input_backends\": \"ATEN\", \"max_autotune_conv_bwd_weight_backends\": \"ATEN\", \"max_autotune_flex_search_space\": \"DEFAULT\", \"max_autotune_gemm\": false, \"max_autotune_gemm_backends\": \"ATEN,TRITON,CPP\", \"max_autotune_gemm_search_space\": \"DEFAULT\", \"max_autotune_pointwise\": false, \"max_autotune_prune_choices_based_on_shared_mem\": false, \"max_autotune_report_choices_stats\": true, \"max_autotune_subproc_graceful_timeout_seconds\": 0.0, \"max_autotune_subproc_result_timeout_seconds\": 60.0, \"max_autotune_subproc_terminate_timeout_seconds\": 0.0, \"max_complex_pointwise_cat_inputs\": 8, \"max_epilogue_benchmarked_choices\": 1, \"max_fusion_buffer_group_pairwise_attempts\": 64, \"max_fusion_size\": 64, \"max_fusion_unique_io_buffers\": null, \"max_pointwise_cat_inputs\": 8, \"memory_planning\": false, \"memory_pool\": \"intermediates\", \"min_num_split\": 0, \"min_overlap_ratio\": 1.1, \"mixed_mm_choice\": \"heuristic\", \"mtia.disable_welford_reduction\": false, \"multi_kernel_hints\": [], \"nan_asserts\": false, \"non_blocking_remote_cache_write\": true, \"npu_backend\": \"default\", \"numerics\": \"default\", \"nvgemm_max_profiling_configs\": 10, \"nvgemm_supplement_configs\": false, \"nvgemm_swap_ab\": false, \"online_softmax\": true, \"optimize_scatter_upon_const_tensor\": true, \"pad_channels_last\": false, \"pad_dynamic_shapes\": false, \"pad_outputs\": false, \"padding_alignment_bytes\": 128, \"padding_stride_threshold\": 1024, \"partitioned_scatter_enabled\": false, \"partitioned_scatter_force\": false, \"partitioned_scatter_max_partitions\": 64, \"partitioned_scatter_min_contention_ratio\": 4.0, \"partitioned_scatter_min_index_size\": 4096, \"partitioned_scatter_min_partitions\": 2, \"partitioned_scatter_non_model_floor_bytes\": 1500000000, \"pattern_matcher\": true, \"permute_fusion\": false, \"pick_loop_orders\": true, \"pipeline_max_autotune_gemm\": false, \"post_grad_custom_post_pass\": \"Value is not JSON serializable\", \"post_grad_custom_pre_pass\": null, \"post_grad_fusion_options\": {}, \"pre_grad_custom_pass\": null, \"pre_grad_fusion_options\": {\"batch_linear_lhs\": {\"devices\": [\"xpu\"], \"min_fuse_set_size\": 2}}, \"pre_grad_pass_timing\": \"default\", \"precompilation_timeout_seconds\": 300, \"profile_bandwidth\": false, \"profile_bandwidth_output\": null, \"profile_bandwidth_regex\": \"\", \"profile_bandwidth_with_do_bench_using_profiling\": false, \"profiler_mark_wrapper_call\": false, \"prologue_fusion\": true, \"quiesce_async_compile_pool\": true, \"quiesce_async_compile_time\": 60, \"realize_acc_reads_size_threshold\": null, \"realize_acc_reads_threshold\": null, \"realize_cpu_acc_reads_threshold\": 12, \"realize_cpu_opcount_threshold\": 50, \"realize_opcount_threshold\": null, \"realize_opusers_threshold\": 5, \"realize_reads_threshold\": 4, \"remote_gemm_autotune_cache\": false, \"remove_pre_grad_passes\": null, \"reorder_for_compute_comm_overlap\": false, \"reorder_for_compute_comm_overlap_passes\": [], \"reorder_for_locality\": true, \"reorder_for_locality_in_training\": false, \"reorder_for_peak_memory\": true, \"reorder_for_peak_memory_debug\": false, \"reorder_prefetch_limit\": null, \"rocm.arch\": [], \"rocm.ck_dir\": null, \"rocm.ck_max_profiling_configs\": null, \"rocm.ck_supported_arch\": [\"gfx90a\", \"gfx942\", \"gfx950\"], \"rocm.ck_tile_max_profiling_configs\": null, \"rocm.compile_opt_level\": \"-O2\", \"rocm.contiguous_threshold\": 16, \"rocm.flush_denormals\": true, \"rocm.generate_test_runner\": false, \"rocm.is_debug\": false, \"rocm.kBatch_sweep\": null, \"rocm.n_max_profiling_configs\": null, \"rocm.origami\": true, \"rocm.origami_topk\": 6, \"rocm.print_kernel_resource_usage\": false, \"rocm.rocm_home\": null, \"rocm.save_temps\": false, \"rocm.split_k_threshold\": 16, \"rocm.use_fast_math\": true, \"rocm.use_preselected_instances\": false, \"run_jit_post_compile_hook\": false, \"runtime_estimations_mms_benchmark\": false, \"runtime_triton_nan_asserts\": false, \"save_args\": false, \"scalar_asserts\": true, \"score_fusion_memory_threshold\": 10, \"search_autotune_cache\": false, \"selective_decompose\": false, \"shape_handling_configs\": [], \"shape_handling_dict\": null, \"shape_padding\": false, \"size_asserts\": false, \"size_threshold_for_succ_based_strategy\": 0, \"sleep_sec_TESTING_ONLY\": null, \"small_memory_access_threshold\": 16777216, \"split_cat_fx_passes\": true, \"split_reductions\": false, \"static_launch_user_defined_triton_kernels\": false, \"static_weight_shapes\": true, \"strict_output_strides\": false, \"strict_signed_zero\": false, \"strict_static_cuda_launcher\": false, \"test_configs.assume_bucketing_reduces_latency\": true, \"test_configs.autotune_choice_desc_regex\": null, \"test_configs.autotune_choice_name_regex\": null, \"test_configs.bisect_keep_custom_backend_for_inductor\": false, \"test_configs.bisect_pre_grad_graph\": false, \"test_configs.distort_benchmarking_result\": \"\", \"test_configs.force_custom_op_decomposition\": null, \"test_configs.force_extern_kernel_in_multi_template\": false, \"test_configs.force_filter_reduction_configs\": false, \"test_configs.force_no_impl_grouping\": false, \"test_configs.graphsafe_rng_func_ignores_fallback_random\": false, \"test_configs.max_flex_configs\": null, \"test_configs.max_mm_configs\": null, \"test_configs.runtime_triton_dtype_assert\": false, \"test_configs.runtime_triton_shape_assert\": false, \"test_configs.static_cpp_dtype_assert\": false, \"test_configs.track_memory_lifecycle\": null, \"test_configs.use_libtorch\": false, \"torchinductor_worker_logpath\": \"\", \"tpu_backend\": \"pallas\", \"trace.compile_profile\": false, \"trace.debug_dir\": null, \"trace.debug_log\": false, \"trace.dot_graph_shape\": null, \"trace.draw_orig_fx_graph\": false, \"trace.enabled\": true, \"trace.fx_graph\": true, \"trace.fx_graph_transformed\": true, \"trace.graph_diagram\": false, \"trace.graph_diagram_format\": \"svg\", \"trace.info_log\": false, \"trace.ir_post_fusion\": true, \"trace.ir_pre_fusion\": true, \"trace.log_autotuning_results\": false, \"trace.log_url_for_graph_xform\": null, \"trace.orig_fx_graph_diagram_format\": \"svg\", \"trace.output_code\": true, \"trace.provenance_tracking_level\": 1, \"trace.provenance_tracking_max_events\": 500000, \"trace.provenance_tracking_to_timeline\": false, \"trace.save_real_tensors\": false, \"trace.upload_tar\": null, \"triton.autotune_at_compile_time\": null, \"triton.autotune_cublasLt\": true, \"triton.autotune_pointwise\": true, \"triton.autotune_with_sample_inputs\": false, \"triton.coalesce_tiling_analysis\": true, \"triton.codegen_upcast_to_fp32\": true, \"triton.cooperative_reductions\": false, \"triton.cudagraph_capture_sizes\": null, \"triton.cudagraph_dynamic_shape_warn_limit\": 8, \"triton.cudagraph_min_partition_size\": 0, \"triton.cudagraph_or_error\": false, \"triton.cudagraph_partition_memory_budget\": 1.1, \"triton.cudagraph_skip_dynamic_graphs\": false, \"triton.cudagraph_support_input_mutation\": true, \"triton.cudagraph_trees\": true, \"triton.cudagraph_trees_generation_cloning\": null, \"triton.cudagraph_trees_history_recording\": false, \"triton.cudagraph_trees_objgraph\": false, \"triton.cudagraph_unexpected_rerecord_limit\": 128, \"triton.cudagraphs\": false, \"triton.debug_dump_kernel_inputs\": {}, \"triton.debug_sync_graph\": false, \"triton.debug_sync_kernel\": false, \"triton.decompose_k_threshold\": 32, \"triton.decompose_sort_ops\": false, \"triton.dense_indexing\": false, \"triton.descriptive_names\": \"original_aten\", \"triton.disallow_failing_autotune_kernels_TESTING_ONLY\": false, \"triton.divisible_by_16\": true, \"triton.dynamic_disable_pipelining\": true, \"triton.emit_pointer_range_32\": true, \"triton.enable_host_side_tma\": false, \"triton.enable_pdl\": false, \"triton.enable_persistent_tma_matmul\": false, \"triton.enable_template_autows\": false, \"triton.enable_template_tma_store\": false, \"triton.enable_tma_load_for_template_epilogue\": false, \"triton.fast_path_cudagraph_asserts\": false, \"triton.force_cooperative_reductions\": false, \"triton.force_cudagraph_sync\": false, \"triton.force_cudagraphs_warmup\": false, \"triton.inject_relu_bug_TESTING_ONLY\": null, \"triton.max_kernel_dump_occurrences\": 3, \"triton.max_tiles\": null, \"triton.min_split_scan_rblock\": 256, \"triton.mix_order_reduction\": true, \"triton.mix_order_reduction_allow_multi_stages\": true, \"triton.mix_order_reduction_autotune_split_size\": false, \"triton.mix_order_reduction_initial_xblock\": 1, \"triton.mix_order_reduction_max_reads\": 10, \"triton.mix_order_reduction_non_strict_mode\": false, \"triton.mix_order_reduction_split_size\": null, \"triton.multi_kernel\": 0, \"triton.native_matmul\": false, \"triton.nested_reduction\": false, \"triton.num_decompose_k_splits\": 10, \"triton.persistent_reductions\": true, \"triton.prefer_nd_tiling\": false, \"triton.proton_group_by_sm\": true, \"triton.proton_output_dir\": null, \"triton.proton_per_cta_occupancy\": true, \"triton.proton_profiling\": false, \"triton.proton_split_invocations\": true, \"triton.reorder_for_reducing_graph_partitions\": true, \"triton.skip_cudagraph_warmup\": false, \"triton.skip_l1_cache\": false, \"triton.slow_path_cudagraph_asserts\": true, \"triton.spill_threshold\": 16, \"triton.store_cubin\": false, \"triton.tile_reductions\": false, \"triton.tiling_prevents_pointwise_fusion\": true, \"triton.tiling_prevents_reduction_fusion\": true, \"triton.tlx_mode\": null, \"triton.transpose_discontiguous_tensor_descriptor\": true, \"triton.unique_kernel_names\": true, \"triton.unique_user_kernel_names\": false, \"triton.use_block_ptr\": false, \"triton.use_tensor_descriptor\": false, \"triton.use_two_step_variance_min_numel\": 1024, \"triton.use_two_step_variance_threshold\": 32768, \"triton_disable_device_detection\": false, \"triton_kernel_default_layout_constraint\": \"needs_fixed_stride_order\", \"unbacked_symint_fallback\": 8192, \"unroll_reductions_threshold\": 8, \"unsafe_ignore_unsupported_triton_autotune_args\": false, \"unsafe_marked_cacheable_functions\": {}, \"unsafe_skip_cache_dynamic_shape_guards\": false, \"use_dce\": true, \"use_experimental_benchmarker\": true, \"use_fast_math\": false, \"use_fast_triton_launcher\": true, \"use_joint_graph_passes\": true, \"use_launch_metadata_schema\": true, \"use_mixed_mm\": true, \"use_post_grad_passes\": true, \"use_pre_grad_passes\": true, \"use_static_cuda_launcher\": true, \"use_torch_profiler_benchmarker\": false, \"verbose_progress\": false, \"warn_mix_layout\": false, \"worker_log_path\": null, \"worker_start_method\": \"subprocess\", \"worker_suppress_logging\": true, \"wrap_inductor_compiled_regions\": false, \"write_are_deterministic_algorithms_enabled\": true, \"xpu.arch\": null, \"xpu.binary_remote_cache_force_write\": false, \"xpu.compile_opt_level\": \"-O1\", \"xpu.cutlass_backend_min_gemm_size\": 1, \"xpu.cutlass_dir\": \"/home/z50063656/tmp\", \"xpu.cutlass_dynamic_cluster_fallback\": [2, 1, 1], \"xpu.cutlass_dynamic_cluster_shape\": [2, 1, 1], \"xpu.cutlass_enabled_ops\": \"all\", \"xpu.cutlass_epilogue_fusion_enabled\": false, \"xpu.cutlass_hash_with_compile_cmd\": false, \"xpu.cutlass_instantiation_level\": \"0\", \"xpu.cutlass_max_profiling_configs\": null, \"xpu.cutlass_max_profiling_swizzle_options\": [1, 2, 4, 8], \"xpu.cutlass_op_allowlist_regex\": null, \"xpu.cutlass_op_denylist_regex\": null, \"xpu.cutlass_prescreening\": true, \"xpu.cutlass_tma_only\": false, \"xpu.enable_caching_codegen\": true, \"xpu.enable_debug_info\": false, \"xpu.generate_test_runner\": false, \"xpu.oneapi_root\": null, \"xpu.upload_to_binary_remote_cache\": false, \"xpu.use_binary_remote_cache\": true, \"xpu.use_fast_math\": false, \"xpu.version\": null, \"xpu_backend\": \"triton\"}", "remote_cache_version": null, "inductor_fx_remote_cache_hit_count": 0, "inductor_fx_remote_cache_miss_count": 0, "inductor_fx_remote_cache_backend_type": null, "inductor_fx_remote_cache_hit_keys": null, "inductor_fx_remote_cache_miss_keys": null, "inductor_fx_local_cache_hit_count": 0, "inductor_fx_local_cache_miss_count": 0, "aotautograd_remote_cache_hit_count": 0, "aotautograd_remote_cache_miss_count": 0, "aotautograd_local_cache_hit_count": 0, "aotautograd_local_cache_miss_count": 0, "cuda_version": null, "triton_version": "3.2.0", "feature_usage": {"fx_cache": false, "parallel_compile_post_warmup": false}, "compile_time_autotune_time_us": null, "is_runtime": false, "gc_time_us": 564, "tensorify_float_attempt": null, "tensorify_float_success": null, "tensorify_float_failure": null, "guard_latency_us": 53, "recompile_reason": null, "num_graph_breaks": 0, "triton_kernel_compile_times_us": "[[\"triton_unk_fused_add_cos_mul_sigmoid_sin_sum_tanh_0\", 7141376]]", "ir_count": 40, "cudagraph_skip_reason": null, "python_version": "3.11.15 | packaged by conda-forge | (main, Aug 11 2026, 10:16:23) [GCC 14.4.0]", "pgo_put_remote_code_state_time_us": null, "pgo_get_remote_code_state_time_us": null, "param_numel": 512, "param_bytes": 2048, "param_count": 2, "recompile_user_contexts": null, "inline_inbuilt_nn_modules_candidate": false, "pytorch_version": "2.14.0a0+git8e86e0a", "inductor_provenance": ["{\"extern_kernels.mm:1\": [\"  File \\\"/home/z50063656/Pass/src/pytorch/test/inductor/test_reorder_for_locality_in_training.py\\\", line 72, in forward\\n    a = torch.tanh(x @ self.w1)\\n                   ^^^^^^^^^^^^\\n\"], \"extern_kernels.mm:2\": [\"  File \\\"/home/z50063656/Pass/src/pytorch/test/inductor/test_reorder_for_locality_in_training.py\\\", line 73, in forward\\n    b = torch.sigmoid(x @ self.w2)\\n                      ^^^^^^^^^^^^\\n\"]}"], "functorch_config": "{\"_sync_decision_cross_ranks\": false, \"_test_disable_functionalization\": true, \"activation_memory_budget\": 1.0, \"activation_memory_budget_runtime_estimator\": \"flops\", \"activation_memory_budget_solver\": \"dp\", \"activation_offload_cpu_gpu_bw\": 50.0, \"activation_offload_separate_stream\": false, \"activation_offload_sink_wait\": false, \"activation_reload_prefetch\": false, \"aggressive_recomputation\": false, \"autograd_cache_allow_custom_autograd_functions\": false, \"autograd_cache_normalize_inputs\": true, \"backward_pass_autocast\": \"same_as_forward\", \"ban_recompute_long_fusible_chains\": true, \"ban_recompute_materialized_backward\": true, \"ban_recompute_not_in_allowlist\": true, \"ban_recompute_reductions\": true, \"ban_recompute_used_far_apart\": true, \"bundled_autograd_cache\": false, \"bypass_autograd_cache_key\": false, \"check_custom_op_aliasing\": true, \"cse\": true, \"custom_op_default_layout_constraint\": \"needs_exact_strides\", \"debug_assert\": false, \"debug_partitioner\": false, \"decompose_custom_triton_ops\": true, \"disable_guess_zero_tangent_for_mutated_input_subclass\": false, \"donated_buffer\": true, \"enable_activation_offloading\": false, \"enable_autograd_cache\": true, \"enable_complex_wrapper\": false, \"enable_remote_autograd_cache\": null, \"error_on_custom_op_aliasing\": false, \"fake_tensor_allow_meta\": true, \"fake_tensor_allow_unsafe_data_ptr_access\": true, \"fake_tensor_crossref\": false, \"fake_tensor_prefer_device_type\": null, \"fake_tensor_propagate_real_tensors\": false, \"force_autograd_cache\": false, \"force_non_lazy_backward_lowering\": false, \"functionalize_rng_ops\": false, \"generate_fake_kernels_from_real_mismatches\": false, \"graphsafe_rng_functionalization\": true, \"guess_tangent_strides_as_outputs\": true, \"is_non_builtin_to_include\": false, \"joint_custom_pass\": null, \"max_dist_from_bw\": 1000, \"memory_budget_pareto_dir\": null, \"recompute_views\": false, \"remat_using_tags_for_fwd_loss_bwd_graph\": true, \"saved_tensors_hooks_filtering_mode\": \"donated\", \"selective_decompose\": false, \"static_weight_shapes\": true, \"strict_autograd_cache\": false, \"torch_compile_graph_format\": \"svg\", \"treat_parameters_as_free_to_save\": true, \"unlift_effect_tokens\": false, \"unsafe_allow_optimization_of_collectives\": false, \"unsafe_treat_script_objects_as_zero_size\": false, \"view_replay_for_aliased_outputs\": true, \"visualize_memory_budget_pareto\": false}"}, "frame_id": 0, "frame_compile_id": 0, "attempt": 0}
V0911 12:00:50.525000 2314988 /home/z50063656/Pass/src/pytorch/torch/_dynamo/utils.py:2363] {"chromium_event": {}, "frame_id": 0, "frame_compile_id": 0, "attempt": 0, "has_payload": "8506ef8841caa4370d3e4ac9e31835f7"}
	{
	"name": "dynamo",
	"ts": 1789099250525672.5,
	"args": {
	"compile_id": "0/0",
	"num_graph_breaks": 0,
	"guard_latency_us": 53,
	"frame_key": "1",
	"co_name": "forward",
	"co_filename": "/home/z50063656/Pass/src/pytorch/test/inductor/test_reorder_for_locality_in_training.py",
	"co_firstlineno": 71,
	"cache_size": 0,
	"accumulated_cache_size": 0,
	"guard_count": 17,
	"shape_env_guard_count": 0,
	"graph_op_count": 10,
	"graph_node_count": 14,
	"graph_input_count": 3,
	"fail_type": null,
	"fail_reason": null,
	"fail_user_frame_filename": null,
	"fail_user_frame_lineno": null,
	"non_compliant_ops": [],
	"compliant_custom_ops": [],
	"restart_reasons": [],
	"dynamo_time_before_restart_s": 0.0,
	"has_guarded_code": true,
	"dynamo_config": "{\"_autograd_backward_strict_mode_conditional_banned_ops\": [\"stride\", \"storage_offset\", \"is_contiguous\"], \"_dynamic_shapes_spec\": null, \"_unsafe_skip_fsdp_module_guards\": false, \"accumulated_recompile_limit\": 256, \"allow_empty_graphs\": false, \"allow_ignore_mark_dynamic\": false, \"allow_rnn\": false, \"allow_unspec_int_on_nn_module\": false, \"allowed_functions_module_string_ignorelist\": [\"torch._decomp\", \"torch._prims\", \"torch._refs\", \"torch.distributions\", \"torch.testing\"], \"assume_dunder_attributes_remain_unchanged\": true, \"assume_static_by_default\": true, \"automatic_dynamic_exclusion_guard\": false, \"automatic_dynamic_local_pgo\": true, \"automatic_dynamic_remote_pgo\": null, \"automatic_dynamic_shapes\": true, \"automatic_dynamic_shapes_mark_as\": \"dynamic\", \"caching_precompile\": false, \"canonicalize_output_graph_node_order\": false, \"capture_autograd_function\": true, \"capture_dynamic_output_shape_ops\": false, \"capture_func_transforms\": true, \"capture_profiler_record_function\": false, \"capture_scalar_outputs\": false, \"capture_sparse_compute\": true, \"compiled_autograd\": false, \"compiled_autograd_kwargs_override\": {}, \"computed_lazy_constant_max_nodes\": 64, \"constant_fold_autograd_profiler_enabled\": false, \"cprofile\": false, \"cudagraph_backend_keep_input_mutation\": false, \"cudagraph_backend_support_input_mutation\": false, \"dead_code_elimination\": null, \"debug_backend_override\": \"\", \"debug_disable_compile_counter\": false, \"debug_dynamo_config_override\": \"\", \"debug_force_graph_break_on_leaf_return\": false, \"debug_force_nested_calls\": false, \"debug_inductor_config_override\": \"\", \"disable\": false, \"do_not_emit_runtime_asserts\": false, \"dont_skip_tracing\": false, \"dynamic_shapes\": true, \"dynamo_profiler\": false, \"enable_aot_compile\": true, \"enable_compiler_collectives\": false, \"enable_cpp_framelocals_guard_eval\": true, \"enable_cpp_guard_manager\": true, \"enable_cpp_symbolic_shape_guards\": false, \"enable_dynamo_decompositions\": true, \"enable_faithful_generator_behavior\": true, \"enable_invoke_subgraph_regional_compile\": false, \"enable_p2p_compilation\": false, \"enable_trace_contextlib\": true, \"enable_trace_load_build_class\": false, \"enable_trace_unittest\": false, \"error_on_dynamo_callback_in_fullgraph_compiled_code\": false, \"error_on_nested_fx_trace\": true, \"error_on_nested_jit_trace\": true, \"error_on_recompile\": false, \"fail_on_recompile_limit_hit\": false, \"fake_tensor_cache_crosscheck_enabled\": false, \"fake_tensor_cache_enabled\": true, \"fake_tensor_disable_inference_mode\": true, \"force_compile_during_fx_trace\": false, \"force_nn_module_property_static_shapes\": true, \"force_parameter_static_shapes\": true, \"force_unspec_int_unbacked_size_like_on_torchrec_kjt\": false, \"generate_pycode\": false, \"graph_break_on_nn_param_ctor\": true, \"graph_deduplication_lint\": false, \"guard_nn_modules\": true, \"guard_nn_modules_using_dict_tags\": true, \"inline_inbuilt_nn_modules\": true, \"inline_invoke_subgraph\": false, \"inline_single_use_invoke_subgraph\": true, \"inline_torch_dispatch_torch_compile\": true, \"install_free_tensors\": false, \"install_free_tensors_for_export\": true, \"invalidate_compile_context_weakrefs\": null, \"issue_3_13_0_warning\": true, \"leaf_function_check_escaped_gradients\": false, \"leaf_function_validate_outputs\": false, \"log_graph_in_out_metadata\": false, \"max_saved_pointers_for_recursive_dict_tags_check\": 256, \"minimum_call_count\": 1, \"nested_graph_breaks\": false, \"numpy_default_complex\": \"complex128\", \"numpy_default_float\": \"float64\", \"numpy_default_int\": \"int64\", \"only_allow_pt2_compliant_ops\": false, \"optimize_ddp\": true, \"optimize_ddp_lazy_compile\": false, \"prefer_deferred_runtime_asserts_over_guards\": false, \"prepare_freezing\": false, \"pt2_compile_id_prefix\": null, \"raise_on_ctx_manager_usage\": true, \"raise_on_unsafe_aot_autograd\": false, \"recompile_limit\": 8, \"record_compile_time_instruction_count\": false, \"record_runtime_overhead\": true, \"replay_record_enabled\": false, \"replay_side_effects\": true, \"report_guard_failures\": true, \"rewrite_assert_with_torch_assert\": true, \"run_gc_after_compile\": true, \"side_effect_replay_policy\": \"info\", \"skip_code_recursive_on_recompile_limit_hit\": true, \"skip_fsdp_guards\": true, \"skip_fwd_side_effects_in_bwd_under_checkpoint\": false, \"skip_guards_on_constant_func_defaults\": false, \"skip_nnmodule_hook_guards\": true, \"skip_no_tensor_aliasing_guards_on_parameters\": true, \"skip_tensor_guards_with_matching_dict_tags\": true, \"skip_torchrec\": true, \"skipfiles_inline_module_allowlist\": {}, \"specialize_float\": false, \"specialize_int\": false, \"strict_precompile\": false, \"suppress_errors\": false, \"trace_autograd_ops\": false, \"trace_numpy\": true, \"track_nodes_for_deduplication\": false, \"use_graph_deduplication\": false, \"use_lamba_guard_for_object_aliasing\": false, \"use_lazy_graph_module\": true, \"use_numpy_random_stream\": false, \"use_recursive_dict_tags_for_guards\": false, \"verify_correctness\": false, \"wrap_top_frame\": false}"
	},
	"ph": "E",
	"cat": "dynamo_timed",
	"tid": 0,
	"pid": 0
	}
V0911 12:00:50.681000 2314988 /home/z50063656/Pass/src/pytorch/torch/_dynamo/utils.py:2363] {"chromium_event": {}, "frame_id": 0, "frame_compile_id": 0, "attempt": 0, "has_payload": "2a6f7fd880ac93db88c144a46b25a7e4"}
	{
	"name": "entire_backward_compile",
	"ts": 1789099250681070.5,
	"args": {
	"fn_name": "backward._backward_impl",
	"compile_id": "0/0"
	},
	"ph": "B",
	"cat": "dynamo_timed",
	"tid": 0,
	"pid": 0
	}
V0911 12:00:50.686000 2314988 /home/z50063656/Pass/src/pytorch/torch/_dynamo/utils.py:2363] {"chromium_event": {}, "frame_id": 0, "frame_compile_id": 0, "attempt": 0, "has_payload": "b977224eb0d0217fcf889c9e5a3e4503"}
	{
	"name": "compile_fx.<locals>.bw_compiler",
	"ts": 1789099250686128.2,
	"args": {
	"compile_id": "0/0"
	},
	"ph": "B",
	"cat": "dynamo_timed",
	"tid": 0,
	"pid": 0
	}
V0911 12:00:50.686000 2314988 /home/z50063656/Pass/src/pytorch/torch/_dynamo/utils.py:2363] {"chromium_event": {}, "frame_id": 0, "frame_compile_id": 0, "attempt": 0, "has_payload": "13c23af3e10f1001a94f4c7fe5d2f096"}
	{
	"name": "inductor_compile",
	"ts": 1789099250686552.2,
	"args": {
	"fn_name": "compile_fx_inner",
	"compile_id": "0/0"
	},
	"ph": "B",
	"cat": "dynamo_timed",
	"tid": 0,
	"pid": 0
	}
V0911 12:00:50.688000 2314988 /home/z50063656/Pass/src/pytorch/torch/_dynamo/utils.py:2363] {"chromium_event": {}, "frame_id": 0, "frame_compile_id": 0, "attempt": 0, "has_payload": "082e3a47904320f68b97f27bee91e7b6"}
	{
	"name": "fx_codegen_and_compile",
	"ts": 1789099250688866.0,
	"args": {
	"compile_id": "0/0"
	},
	"ph": "B",
	"cat": "dynamo_timed",
	"tid": 0,
	"pid": 0
	}
V0911 12:00:50.691000 2314988 /home/z50063656/Pass/src/pytorch/torch/_inductor/compile_fx.py:1450] {"artifact": {"name": "fx_graph_runnable", "encoding": "string"}, "frame_id": 0, "frame_compile_id": 0, "attempt": 0, "has_payload": "df39c6229bc8a664c852bf4654342c5c"}
	
	import os
	os.environ['TORCH_NPU_SOURCE'] = '/home/z50063656/Pass/src/torch_npu'
	os.environ['TORCH_DEVICE_BACKEND_AUTOLOAD'] = '1'
	os.environ['PYTORCH_SOURCE'] = '/home/z50063656/Pass/src/pytorch'
	os.environ['TRITON_ASCEND_SOURCE'] = '/home/z50063656/Pass/src/triton-ascend'
	os.environ['TORCHINDUCTOR_NPU_BACKEND'] = 'triton_experimental'
	os.environ['TORCH_COMPILE_DEBUG'] = '1'
	os.environ['TORCH_COMPILE_DEBUG_DIR'] = '/home/z50063656/tmp/t087-npu-functional-20260911/off/debug'
	os.environ['TORCHINDUCTOR_CACHE_DIR'] = '/home/z50063656/tmp/t087-npu-functional-20260911/off/inductor-cache/tmpt5ebgl5h'
	os.environ['TRITON_CACHE_DIR'] = '/home/z50063656/tmp/t087-npu-functional-20260911/off/inductor-cache/tmpt5ebgl5h/triton'
	os.environ['TORCHINDUCTOR_FORCE_DISABLE_CACHES'] = '1'
	os.environ['TORCHINDUCTOR_COMPILE_THREADS'] = '1'
	os.environ['PYTORCH_TESTING_DEVICE_FOR_CUSTOM'] = 'privateuse1'
	os.environ['PYTORCH_TESTING_DEVICE_EXCEPT_FOR'] = 'cuda,cpu'
	os.environ.pop('TORCHDYNAMO_REPRO_AFTER', None)
	os.environ.pop('TORCHDYNAMO_REPRO_LEVEL', None)
	
	import torch
	from torch import tensor, device
	import torch.fx as fx
	from torch._dynamo.testing import rand_strided
	import math
	from math import inf
	import torch._inductor.inductor_prims
	
	
	
	import torch._dynamo.config
	import torch._inductor.config
	import torch._functorch.config
	import torch.fx.experimental._config
	torch._dynamo.config.use_recursive_dict_tags_for_guards = False
	torch._inductor.config.fx_graph_cache = False
	torch._inductor.config.size_asserts = False
	torch._inductor.config.allow_buffer_reuse = False
	torch._inductor.config.reorder_for_locality = True
	torch._inductor.config.reorder_for_locality_in_training = False
	torch._inductor.config.coordinate_descent_tuning = False
	torch._inductor.config.layout_optimization = False
	torch._inductor.config.split_reductions = False
	torch._inductor.config.shape_padding = False
	torch._inductor.config.trace.enabled = True
	torch._inductor.config.deterministic = False
	torch._inductor.config.trace.save_real_tensors = False
	torch._inductor.config.triton.store_cubin = False
	torch._functorch.config.functionalize_rng_ops = False
	torch._functorch.config.debug_partitioner = False
	torch._functorch.config.fake_tensor_allow_unsafe_data_ptr_access = True
	torch._functorch.config.unlift_effect_tokens = False
	torch._functorch.config.selective_decompose = False
	
	
	
	
	isolate_fails_code_str = None
	
	
	
	
	
	if "__compile_source__" in globals():
	    import inspect as __after_aot_inspect
	    import linecache as __after_aot_linecache
	    __after_aot_filename = __after_aot_inspect.currentframe().f_code.co_filename
	    __after_aot_linecache.cache[__after_aot_filename] = (
	        len(__compile_source__),
	        None,
	        __compile_source__.splitlines(True),
	        __after_aot_filename,
	    )
	# torch version: 2.14.0a0+git8e86e0a
	# torch cuda version: None
	# torch git version: 8e86e0a23e3679c2bf3406cf0837fcb6297a5d9b
	
	
	# torch.cuda.is_available()==False, no GPU info collected
	torch._higher_order_ops.triton_kernel_wrap.kernel_side_table.reset_table()
	
	from torch.nn import *
	class Repro(torch.nn.Module):
	    def __init__(self) -> None:
	        super().__init__()
	
	
	
	    def forward(self, primals_1, primals_2, primals_3, mm, mm_1, tangents_1):
	        unsqueeze = torch.ops.aten.unsqueeze.default(tangents_1, 1);  tangents_1 = None
	        expand = torch.ops.aten.expand.default(unsqueeze, [8, 16]);  unsqueeze = None
	        tanh = torch.ops.aten.tanh.default(mm);  mm = None
	        sin = torch.ops.aten.sin.default(tanh)
	        mul_2 = torch.ops.aten.mul.Tensor(expand, sin);  sin = None
	        sigmoid = torch.ops.aten.sigmoid.default(mm_1);  mm_1 = None
	        cos = torch.ops.aten.cos.default(sigmoid)
	        mul_3 = torch.ops.aten.mul.Tensor(expand, cos);  cos = None
	        sin_1 = torch.ops.aten.sin.default(sigmoid)
	        neg = torch.ops.aten.neg.default(sin_1);  sin_1 = None
	        mul_4 = torch.ops.aten.mul.Tensor(mul_2, neg);  mul_2 = neg = None
	        cos_1 = torch.ops.aten.cos.default(tanh)
	        mul_5 = torch.ops.aten.mul.Tensor(mul_3, cos_1);  mul_3 = cos_1 = None
	        mul_6 = torch.ops.aten.mul.Tensor(expand, tanh)
	        mul_7 = torch.ops.aten.mul.Tensor(expand, sigmoid);  expand = None
	        add_1 = torch.ops.aten.add.Tensor(mul_5, mul_7);  mul_5 = mul_7 = None
	        add_2 = torch.ops.aten.add.Tensor(mul_4, mul_6);  mul_4 = mul_6 = None
	        sub = torch.ops.aten.sub.Tensor(1, sigmoid)
	        mul_8 = torch.ops.aten.mul.Tensor(sigmoid, sub);  sigmoid = sub = None
	        mul_9 = torch.ops.aten.mul.Tensor(add_2, mul_8);  add_2 = mul_8 = None
	        matmul_backward = torch.ops.aten.matmul_backward.default(mul_9, primals_2, primals_3, [False, True]);  mul_9 = primals_3 = None
	        getitem_1 = matmul_backward[1];  matmul_backward = None
	        mul_10 = torch.ops.aten.mul.Tensor(tanh, tanh);  tanh = None
	        sub_1 = torch.ops.aten.sub.Tensor(1, mul_10);  mul_10 = None
	        mul_11 = torch.ops.aten.mul.Tensor(add_1, sub_1);  add_1 = sub_1 = None
	        matmul_backward_1 = torch.ops.aten.matmul_backward.default(mul_11, primals_2, primals_1, [False, True]);  mul_11 = primals_2 = primals_1 = None
	        getitem_3 = matmul_backward_1[1];  matmul_backward_1 = None
	        return (getitem_3, None, getitem_1)
	
	def load_args(reader):
	    buf0 = reader.storage(None, 1024, device=device(type='npu', index=0))
	    reader.tensor(buf0, (16, 16), is_leaf=True)  # primals_1
	    buf1 = reader.storage(None, 512, device=device(type='npu', index=0))
	    reader.tensor(buf1, (8, 16), is_leaf=True)  # primals_2
	    buf2 = reader.storage(None, 1024, device=device(type='npu', index=0))
	    reader.tensor(buf2, (16, 16), is_leaf=True)  # primals_3
	    buf3 = reader.storage(None, 512, device=device(type='npu', index=0))
	    reader.tensor(buf3, (8, 16), is_leaf=True)  # mm
	    buf4 = reader.storage(None, 512, device=device(type='npu', index=0))
	    reader.tensor(buf4, (8, 16), is_leaf=True)  # mm_1
	    buf5 = reader.storage(None, 32, device=device(type='npu', index=0))
	    reader.tensor(buf5, (8,), is_leaf=True)  # tangents_1
	load_args._version = 0
	mod = Repro()
	if __name__ == '__main__':
	    from torch._dynamo.repro.after_aot import run_repro
	    with torch.no_grad():
	        run_repro(mod, load_args, accuracy=False, command='run', save_dir=None, tracing_mode='real', check_str=None)
	        # To run it separately, do 
	        # mod, args = run_repro(mod, load_args, accuracy=False, command='get_args', save_dir=None, tracing_mode='real', check_str=None)
	        # mod(*args)
V0911 12:00:50.695000 2314988 /home/z50063656/Pass/src/pytorch/torch/_dynamo/utils.py:2363] {"chromium_event": {}, "frame_id": 0, "frame_compile_id": 0, "attempt": 0, "has_payload": "4b09fb4cf08d0445bb9ff9ab02c9cc20"}
	{
	"name": "additional_fake_tensor_prop",
	"ts": 1789099250694991.5,
	"args": {
	"compile_id": "0/0"
	},
	"ph": "B",
	"cat": "dynamo_timed",
	"tid": 0,
	"pid": 0
	}
V0911 12:00:50.708000 2314988 /home/z50063656/Pass/src/pytorch/torch/_dynamo/utils.py:2363] {"chromium_event": {}, "frame_id": 0, "frame_compile_id": 0, "attempt": 0, "has_payload": "e55831af27a8b52b37f566b16d9fcb18"}
	{
	"name": "additional_fake_tensor_prop",
	"ts": 1789099250708567.0,
	"args": {
	"compile_id": "0/0"
	},
	"ph": "E",
	"cat": "dynamo_timed",
	"tid": 0,
	"pid": 0
	}
V0911 12:00:50.711000 2314988 /home/z50063656/Pass/src/pytorch/torch/_inductor/compile_fx.py:1502] {"artifact": {"name": "before_post_grad_graph", "encoding": "string"}, "frame_id": 0, "frame_compile_id": 0, "attempt": 0, "has_payload": "2d0fbed640c4940554f106628d65625b"}
	class GraphModule(torch.nn.Module):
	    def forward(self, primals_1: "f32[16, 16][16, 1]npu:0", primals_2: "f32[8, 16][16, 1]npu:0", primals_3: "f32[16, 16][16, 1]npu:0", mm: "f32[8, 16][16, 1]npu:0", mm_1: "f32[8, 16][16, 1]npu:0", tangents_1: "f32[8][1]npu:0"):
	        # Backward of forward node: File: /home/z50063656/Pass/src/pytorch/test/inductor/test_reorder_for_locality_in_training.py:74 in forward, code: return (a * b + torch.sin(a) * torch.cos(b)).sum(dim=1)
	        unsqueeze: "f32[8, 1][1, 1]npu:0" = torch.ops.aten.unsqueeze.default(tangents_1, 1);  tangents_1 = None
	        expand: "f32[8, 16][1, 0]npu:0" = torch.ops.aten.expand.default(unsqueeze, [8, 16]);  unsqueeze = None
	
	        # Backward of forward node: File: /home/z50063656/Pass/src/pytorch/test/inductor/test_reorder_for_locality_in_training.py:72 in forward, code: a = torch.tanh(x @ self.w1)
	        tanh: "f32[8, 16][16, 1]npu:0" = torch.ops.aten.tanh.default(mm);  mm = None
	
	        # Backward of forward node: File: /home/z50063656/Pass/src/pytorch/test/inductor/test_reorder_for_locality_in_training.py:74 in forward, code: return (a * b + torch.sin(a) * torch.cos(b)).sum(dim=1)
	        sin: "f32[8, 16][16, 1]npu:0" = torch.ops.aten.sin.default(tanh)
	        mul_2: "f32[8, 16][16, 1]npu:0" = torch.ops.aten.mul.Tensor(expand, sin);  sin = None
	
	        # Backward of forward node: File: /home/z50063656/Pass/src/pytorch/test/inductor/test_reorder_for_locality_in_training.py:73 in forward, code: b = torch.sigmoid(x @ self.w2)
	        sigmoid: "f32[8, 16][16, 1]npu:0" = torch.ops.aten.sigmoid.default(mm_1);  mm_1 = None
	
	        # Backward of forward node: File: /home/z50063656/Pass/src/pytorch/test/inductor/test_reorder_for_locality_in_training.py:74 in forward, code: return (a * b + torch.sin(a) * torch.cos(b)).sum(dim=1)
	        cos: "f32[8, 16][16, 1]npu:0" = torch.ops.aten.cos.default(sigmoid)
	        mul_3: "f32[8, 16][16, 1]npu:0" = torch.ops.aten.mul.Tensor(expand, cos);  cos = None
	        sin_1: "f32[8, 16][16, 1]npu:0" = torch.ops.aten.sin.default(sigmoid)
	        neg: "f32[8, 16][16, 1]npu:0" = torch.ops.aten.neg.default(sin_1);  sin_1 = None
	        mul_4: "f32[8, 16][16, 1]npu:0" = torch.ops.aten.mul.Tensor(mul_2, neg);  mul_2 = neg = None
	        cos_1: "f32[8, 16][16, 1]npu:0" = torch.ops.aten.cos.default(tanh)
	        mul_5: "f32[8, 16][16, 1]npu:0" = torch.ops.aten.mul.Tensor(mul_3, cos_1);  mul_3 = cos_1 = None
	        mul_6: "f32[8, 16][16, 1]npu:0" = torch.ops.aten.mul.Tensor(expand, tanh)
	        mul_7: "f32[8, 16][16, 1]npu:0" = torch.ops.aten.mul.Tensor(expand, sigmoid);  expand = None
	        add_1: "f32[8, 16][16, 1]npu:0" = torch.ops.aten.add.Tensor(mul_5, mul_7);  mul_5 = mul_7 = None
	        add_2: "f32[8, 16][16, 1]npu:0" = torch.ops.aten.add.Tensor(mul_4, mul_6);  mul_4 = mul_6 = None
	
	        # Backward of forward node: File: /home/z50063656/Pass/src/pytorch/test/inductor/test_reorder_for_locality_in_training.py:73 in forward, code: b = torch.sigmoid(x @ self.w2)
	        sub: "f32[8, 16][16, 1]npu:0" = torch.ops.aten.sub.Tensor(1, sigmoid)
	        mul_8: "f32[8, 16][16, 1]npu:0" = torch.ops.aten.mul.Tensor(sigmoid, sub);  sigmoid = sub = None
	        mul_9: "f32[8, 16][16, 1]npu:0" = torch.ops.aten.mul.Tensor(add_2, mul_8);  add_2 = mul_8 = None
	        matmul_backward = torch.ops.aten.matmul_backward.default(mul_9, primals_2, primals_3, [False, True]);  mul_9 = primals_3 = None
	        getitem_1: "f32[16, 16][16, 1]npu:0" = matmul_backward[1];  matmul_backward = None
	
	        # Backward of forward node: File: /home/z50063656/Pass/src/pytorch/test/inductor/test_reorder_for_locality_in_training.py:72 in forward, code: a = torch.tanh(x @ self.w1)
	        mul_10: "f32[8, 16][16, 1]npu:0" = torch.ops.aten.mul.Tensor(tanh, tanh);  tanh = None
	        sub_1: "f32[8, 16][16, 1]npu:0" = torch.ops.aten.sub.Tensor(1, mul_10);  mul_10 = None
	        mul_11: "f32[8, 16][16, 1]npu:0" = torch.ops.aten.mul.Tensor(add_1, sub_1);  add_1 = sub_1 = None
	        matmul_backward_1 = torch.ops.aten.matmul_backward.default(mul_11, primals_2, primals_1, [False, True]);  mul_11 = primals_2 = primals_1 = None
	        getitem_3: "f32[16, 16][16, 1]npu:0" = matmul_backward_1[1];  matmul_backward_1 = None
	        return (getitem_3, None, getitem_1)
	
V0911 12:00:50.711000 2314988 /home/z50063656/Pass/src/pytorch/torch/_dynamo/utils.py:2363] {"chromium_event": {}, "frame_id": 0, "frame_compile_id": 0, "attempt": 0, "has_payload": "cdee1e2c8bc01459e3d9293682b6e6e8"}
	{
	"name": "_recursive_post_grad_passes",
	"ts": 1789099250711721.5,
	"args": {
	"compile_id": "0/0"
	},
	"ph": "B",
	"cat": "dynamo_timed",
	"tid": 0,
	"pid": 0
	}
V0911 12:00:50.712000 2314988 /home/z50063656/Pass/src/pytorch/torch/_dynamo/utils.py:2363] {"chromium_event": {}, "frame_id": 0, "frame_compile_id": 0, "attempt": 0, "has_payload": "4252e2f3687aaa3c5ad0062680173463"}
	{
	"name": "pass.post_grad_passes.remove_profiler_ops",
	"ts": 1789099250712538.2,
	"args": {
	"compile_id": "0/0"
	},
	"ph": "B",
	"cat": "dynamo_timed",
	"tid": 0,
	"pid": 0
	}
V0911 12:00:50.712000 2314988 /home/z50063656/Pass/src/pytorch/torch/_dynamo/utils.py:2363] {"chromium_event": {}, "frame_id": 0, "frame_compile_id": 0, "attempt": 0, "has_payload": "3688cd3299e5a302a7c488e30aadc9d3"}
	{
	"name": "pass.post_grad_passes.remove_profiler_ops",
	"ts": 1789099250712791.5,
	"args": {
	"compile_id": "0/0"
	},
	"ph": "E",
	"cat": "dynamo_timed",
	"tid": 0,
	"pid": 0
	}
V0911 12:00:50.713000 2314988 /home/z50063656/Pass/src/pytorch/torch/_dynamo/utils.py:2363] {"chromium_event": {}, "frame_id": 0, "frame_compile_id": 0, "attempt": 0, "has_payload": "8dbe5181ded886ccbdb0a40dfdfb7ea8"}
	{
	"name": "pass.post_grad_passes.respecialize_current_device",
	"ts": 1789099250713053.2,
	"args": {
	"compile_id": "0/0"
	},
	"ph": "B",
	"cat": "dynamo_timed",
	"tid": 0,
	"pid": 0
	}
V0911 12:00:50.713000 2314988 /home/z50063656/Pass/src/pytorch/torch/_dynamo/utils.py:2363] {"chromium_event": {}, "frame_id": 0, "frame_compile_id": 0, "attempt": 0, "has_payload": "3fa9d743dee285e78bd89262d5fe6781"}
	{
	"name": "pass.post_grad_passes.respecialize_current_device",
	"ts": 1789099250713262.5,
	"args": {
	"compile_id": "0/0"
	},
	"ph": "E",
	"cat": "dynamo_timed",
	"tid": 0,
	"pid": 0
	}
V0911 12:00:50.713000 2314988 /home/z50063656/Pass/src/pytorch/torch/_dynamo/utils.py:2363] {"chromium_event": {}, "frame_id": 0, "frame_compile_id": 0, "attempt": 0, "has_payload": "601868b214da1fd0b734fd78c4659344"}
	{
	"name": "pass.post_grad_passes.post_grad_custom_pre_pass",
	"ts": 1789099250713506.5,
	"args": {
	"compile_id": "0/0"
	},
	"ph": "B",
	"cat": "dynamo_timed",
	"tid": 0,
	"pid": 0
	}
V0911 12:00:50.713000 2314988 /home/z50063656/Pass/src/pytorch/torch/_dynamo/utils.py:2363] {"chromium_event": {}, "frame_id": 0, "frame_compile_id": 0, "attempt": 0, "has_payload": "9ce83d441b6ad9cc3502b0dea02de41b"}
	{
	"name": "pass.post_grad_passes.post_grad_custom_pre_pass",
	"ts": 1789099250713716.0,
	"args": {
	"compile_id": "0/0"
	},
	"ph": "E",
	"cat": "dynamo_timed",
	"tid": 0,
	"pid": 0
	}
V0911 12:00:50.714000 2314988 /home/z50063656/Pass/src/pytorch/torch/_dynamo/utils.py:2363] {"chromium_event": {}, "frame_id": 0, "frame_compile_id": 0, "attempt": 0, "has_payload": "9d9903f4b76ceccf43f22d94a5aa2a66"}
	{
	"name": "pass.post_grad_passes.remove_noop_ops",
	"ts": 1789099250713959.8,
	"args": {
	"compile_id": "0/0"
	},
	"ph": "B",
	"cat": "dynamo_timed",
	"tid": 0,
	"pid": 0
	}
V0911 12:00:50.714000 2314988 /home/z50063656/Pass/src/pytorch/torch/_dynamo/utils.py:2363] {"chromium_event": {}, "frame_id": 0, "frame_compile_id": 0, "attempt": 0, "has_payload": "6318014a879a0707b450b2cf0418379a"}
	{
	"name": "pass.post_grad_passes.remove_noop_ops",
	"ts": 1789099250714231.2,
	"args": {
	"compile_id": "0/0"
	},
	"ph": "E",
	"cat": "dynamo_timed",
	"tid": 0,
	"pid": 0
	}
V0911 12:00:50.714000 2314988 /home/z50063656/Pass/src/pytorch/torch/_dynamo/utils.py:2363] {"chromium_event": {}, "frame_id": 0, "frame_compile_id": 0, "attempt": 0, "has_payload": "5db45c902f57f217554df354eb0cada0"}
	{
	"name": "pass.post_grad_passes.remove_assert_ops",
	"ts": 1789099250714477.8,
	"args": {
	"compile_id": "0/0"
	},
	"ph": "B",
	"cat": "dynamo_timed",
	"tid": 0,
	"pid": 0
	}
V0911 12:00:50.714000 2314988 /home/z50063656/Pass/src/pytorch/torch/_dynamo/utils.py:2363] {"chromium_event": {}, "frame_id": 0, "frame_compile_id": 0, "attempt": 0, "has_payload": "c583e68ac07c7a58bb8e34cb686bd7e5"}
	{
	"name": "pass.post_grad_passes.remove_assert_ops",
	"ts": 1789099250714669.5,
	"args": {
	"compile_id": "0/0"
	},
	"ph": "E",
	"cat": "dynamo_timed",
	"tid": 0,
	"pid": 0
	}
V0911 12:00:50.714000 2314988 /home/z50063656/Pass/src/pytorch/torch/_dynamo/utils.py:2363] {"chromium_event": {}, "frame_id": 0, "frame_compile_id": 0, "attempt": 0, "has_payload": "285b767f1e28733da6bef1dd6c1514c9"}
	{
	"name": "pass.post_grad_passes.pass_pattern_0",
	"ts": 1789099250714904.5,
	"args": {
	"compile_id": "0/0"
	},
	"ph": "B",
	"cat": "dynamo_timed",
	"tid": 0,
	"pid": 0
	}
V0911 12:00:50.715000 2314988 /home/z50063656/Pass/src/pytorch/torch/_dynamo/utils.py:2363] {"chromium_event": {}, "frame_id": 0, "frame_compile_id": 0, "attempt": 0, "has_payload": "488237fc51ebee28ff94ec5e69defa03"}
	{
	"name": "pass.post_grad_passes.pass_pattern_0",
	"ts": 1789099250715087.2,
	"args": {
	"compile_id": "0/0"
	},
	"ph": "E",
	"cat": "dynamo_timed",
	"tid": 0,
	"pid": 0
	}
V0911 12:00:50.715000 2314988 /home/z50063656/Pass/src/pytorch/torch/_dynamo/utils.py:2363] {"chromium_event": {}, "frame_id": 0, "frame_compile_id": 0, "attempt": 0, "has_payload": "cb3a69719fa4f64d2ec666779e3efafc"}
	{
	"name": "pass.post_grad_passes.pass_pattern_1",
	"ts": 1789099250715324.5,
	"args": {
	"compile_id": "0/0"
	},
	"ph": "B",
	"cat": "dynamo_timed",
	"tid": 0,
	"pid": 0
	}
V0911 12:00:50.717000 2314988 /home/z50063656/Pass/src/pytorch/torch/_dynamo/utils.py:2363] {"chromium_event": {}, "frame_id": 0, "frame_compile_id": 0, "attempt": 0, "has_payload": "960114895295b67ddb0f9ac8455b2718"}
	{
	"name": "pass.post_grad_passes.pass_pattern_1",
	"ts": 1789099250717270.0,
	"args": {
	"compile_id": "0/0"
	},
	"ph": "E",
	"cat": "dynamo_timed",
	"tid": 0,
	"pid": 0
	}
V0911 12:00:50.717000 2314988 /home/z50063656/Pass/src/pytorch/torch/_dynamo/utils.py:2363] {"chromium_event": {}, "frame_id": 0, "frame_compile_id": 0, "attempt": 0, "has_payload": "02c17cf3f82bc173cc3e89827831ca18"}
	{
	"name": "pass.post_grad_passes.pass_pattern_2",
	"ts": 1789099250717551.5,
	"args": {
	"compile_id": "0/0"
	},
	"ph": "B",
	"cat": "dynamo_timed",
	"tid": 0,
	"pid": 0
	}
V0911 12:00:50.718000 2314988 /home/z50063656/Pass/src/pytorch/torch/_dynamo/utils.py:2363] {"chromium_event": {}, "frame_id": 0, "frame_compile_id": 0, "attempt": 0, "has_payload": "4def4732e83ff283edc4dfbe678049fa"}
	{
	"name": "pass.post_grad_passes.pass_pattern_2",
	"ts": 1789099250718229.2,
	"args": {
	"compile_id": "0/0"
	},
	"ph": "E",
	"cat": "dynamo_timed",
	"tid": 0,
	"pid": 0
	}
V0911 12:00:50.718000 2314988 /home/z50063656/Pass/src/pytorch/torch/_dynamo/utils.py:2363] {"chromium_event": {}, "frame_id": 0, "frame_compile_id": 0, "attempt": 0, "has_payload": "315fb40dcd72ce292423189b9fed608d"}
	{
	"name": "pass.post_grad_passes.post_grad_custom_post_pass",
	"ts": 1789099250718543.0,
	"args": {
	"compile_id": "0/0"
	},
	"ph": "B",
	"cat": "dynamo_timed",
	"tid": 0,
	"pid": 0
	}
V0911 12:00:50.718000 2314988 /home/z50063656/Pass/src/pytorch/torch/_dynamo/utils.py:2363] {"chromium_event": {}, "frame_id": 0, "frame_compile_id": 0, "attempt": 0, "has_payload": "ebc6cd82bebd5f4ffd65b32c24cd1623"}
	{
	"name": "pass.post_grad_passes.post_grad_custom_post_pass",
	"ts": 1789099250718917.5,
	"args": {
	"compile_id": "0/0"
	},
	"ph": "E",
	"cat": "dynamo_timed",
	"tid": 0,
	"pid": 0
	}
V0911 12:00:50.719000 2314988 /home/z50063656/Pass/src/pytorch/torch/_dynamo/utils.py:2363] {"chromium_event": {}, "frame_id": 0, "frame_compile_id": 0, "attempt": 0, "has_payload": "7950a10ce5d75a21cc6688698c4fe33a"}
	{
	"name": "pass.post_grad_passes.stable_sort",
	"ts": 1789099250719170.0,
	"args": {
	"compile_id": "0/0"
	},
	"ph": "B",
	"cat": "dynamo_timed",
	"tid": 0,
	"pid": 0
	}
V0911 12:00:50.719000 2314988 /home/z50063656/Pass/src/pytorch/torch/_dynamo/utils.py:2363] {"chromium_event": {}, "frame_id": 0, "frame_compile_id": 0, "attempt": 0, "has_payload": "b2daa7f8ada7588f4cd7aa36f13e06c4"}
	{
	"name": "pass.post_grad_passes.stable_sort",
	"ts": 1789099250719477.5,
	"args": {
	"compile_id": "0/0"
	},
	"ph": "E",
	"cat": "dynamo_timed",
	"tid": 0,
	"pid": 0
	}
V0911 12:00:50.719000 2314988 /home/z50063656/Pass/src/pytorch/torch/_dynamo/utils.py:2363] {"chromium_event": {}, "frame_id": 0, "frame_compile_id": 0, "attempt": 0, "has_payload": "828d3a5ddd83ff88dfd44f5646d6c521"}
	{
	"name": "pass.post_grad_passes.move_constructors_to_cuda",
	"ts": 1789099250719718.8,
	"args": {
	"compile_id": "0/0"
	},
	"ph": "B",
	"cat": "dynamo_timed",
	"tid": 0,
	"pid": 0
	}
V0911 12:00:50.720000 2314988 /home/z50063656/Pass/src/pytorch/torch/_dynamo/utils.py:2363] {"chromium_event": {}, "frame_id": 0, "frame_compile_id": 0, "attempt": 0, "has_payload": "98637e2f86c17de54ca5f5c1cd76b869"}
	{
	"name": "pass.post_grad_passes.move_constructors_to_cuda",
	"ts": 1789099250720038.5,
	"args": {
	"compile_id": "0/0"
	},
	"ph": "E",
	"cat": "dynamo_timed",
	"tid": 0,
	"pid": 0
	}
V0911 12:00:50.722000 2314988 /home/z50063656/Pass/src/pytorch/torch/_dynamo/utils.py:2363] {"chromium_event": {}, "frame_id": 0, "frame_compile_id": 0, "attempt": 0, "has_payload": "718e8c4265d8644fbcab7fe9800719a3"}
	{
	"name": "pass.post_grad_passes.reinplace_inplaceable_ops",
	"ts": 1789099250722400.8,
	"args": {
	"compile_id": "0/0"
	},
	"ph": "B",
	"cat": "dynamo_timed",
	"tid": 0,
	"pid": 0
	}
V0911 12:00:50.725000 2314988 /home/z50063656/Pass/src/pytorch/torch/_dynamo/utils.py:2363] {"chromium_event": {}, "frame_id": 0, "frame_compile_id": 0, "attempt": 0, "has_payload": "03c33a79ee452e1b67f0e3c9eb250d42"}
	{
	"name": "pass.post_grad_passes.reinplace_inplaceable_ops",
	"ts": 1789099250725221.5,
	"args": {
	"compile_id": "0/0"
	},
	"ph": "E",
	"cat": "dynamo_timed",
	"tid": 0,
	"pid": 0
	}
V0911 12:00:50.725000 2314988 /home/z50063656/Pass/src/pytorch/torch/_dynamo/utils.py:2363] {"chromium_event": {}, "frame_id": 0, "frame_compile_id": 0, "attempt": 0, "has_payload": "8edc788ec180907f6e1919de8eff454e"}
	{
	"name": "pass.post_grad_passes.fix_auto_functionalized_dtype_views",
	"ts": 1789099250725497.0,
	"args": {
	"compile_id": "0/0"
	},
	"ph": "B",
	"cat": "dynamo_timed",
	"tid": 0,
	"pid": 0
	}
V0911 12:00:50.725000 2314988 /home/z50063656/Pass/src/pytorch/torch/_dynamo/utils.py:2363] {"chromium_event": {}, "frame_id": 0, "frame_compile_id": 0, "attempt": 0, "has_payload": "0ca293644633da95e5f7c2c14b5ed26c"}
	{
	"name": "pass.post_grad_passes.fix_auto_functionalized_dtype_views",
	"ts": 1789099250725728.5,
	"args": {
	"compile_id": "0/0"
	},
	"ph": "E",
	"cat": "dynamo_timed",
	"tid": 0,
	"pid": 0
	}
V0911 12:00:50.726000 2314988 /home/z50063656/Pass/src/pytorch/torch/_dynamo/utils.py:2363] {"chromium_event": {}, "frame_id": 0, "frame_compile_id": 0, "attempt": 0, "has_payload": "416bd29735f47f61d0f0d03bd55db099"}
	{
	"name": "pass.post_grad_passes.decompose_triton_kernel_wrapper_functional",
	"ts": 1789099250726095.8,
	"args": {
	"compile_id": "0/0"
	},
	"ph": "B",
	"cat": "dynamo_timed",
	"tid": 0,
	"pid": 0
	}
V0911 12:00:50.726000 2314988 /home/z50063656/Pass/src/pytorch/torch/_dynamo/utils.py:2363] {"chromium_event": {}, "frame_id": 0, "frame_compile_id": 0, "attempt": 0, "has_payload": "ac70b790e8cea71b30ff1049ff9b8681"}
	{
	"name": "pass.post_grad_passes.decompose_triton_kernel_wrapper_functional",
	"ts": 1789099250726401.8,
	"args": {
	"compile_id": "0/0"
	},
	"ph": "E",
	"cat": "dynamo_timed",
	"tid": 0,
	"pid": 0
	}
V0911 12:00:50.726000 2314988 /home/z50063656/Pass/src/pytorch/torch/_dynamo/utils.py:2363] {"chromium_event": {}, "frame_id": 0, "frame_compile_id": 0, "attempt": 0, "has_payload": "4f9352b39320db68031d1a984fe566d7"}
	{
	"name": "pass.post_grad_passes.decompose_auto_functionalized",
	"ts": 1789099250726646.2,
	"args": {
	"compile_id": "0/0"
	},
	"ph": "B",
	"cat": "dynamo_timed",
	"tid": 0,
	"pid": 0
	}
V0911 12:00:50.727000 2314988 /home/z50063656/Pass/src/pytorch/torch/_dynamo/utils.py:2363] {"chromium_event": {}, "frame_id": 0, "frame_compile_id": 0, "attempt": 0, "has_payload": "7a38e3b0d77e00139ba2069814878a63"}
	{
	"name": "pass.post_grad_passes.decompose_auto_functionalized",
	"ts": 1789099250727020.8,
	"args": {
	"compile_id": "0/0"
	},
	"ph": "E",
	"cat": "dynamo_timed",
	"tid": 0,
	"pid": 0
	}
V0911 12:00:50.727000 2314988 /home/z50063656/Pass/src/pytorch/torch/_dynamo/utils.py:2363] {"chromium_event": {}, "frame_id": 0, "frame_compile_id": 0, "attempt": 0, "has_payload": "3c0689ba60ec5135dfcc0d7691c67223"}
	{
	"name": "pass.post_grad_passes.decompose_scan_to_while_loop",
	"ts": 1789099250727268.2,
	"args": {
	"compile_id": "0/0"
	},
	"ph": "B",
	"cat": "dynamo_timed",
	"tid": 0,
	"pid": 0
	}
V0911 12:00:50.727000 2314988 /home/z50063656/Pass/src/pytorch/torch/_dynamo/utils.py:2363] {"chromium_event": {}, "frame_id": 0, "frame_compile_id": 0, "attempt": 0, "has_payload": "6dd655415f94b85f2fe13db5f7d45bb4"}
	{
	"name": "pass.post_grad_passes.decompose_scan_to_while_loop",
	"ts": 1789099250727532.2,
	"args": {
	"compile_id": "0/0"
	},
	"ph": "E",
	"cat": "dynamo_timed",
	"tid": 0,
	"pid": 0
	}
V0911 12:00:50.727000 2314988 /home/z50063656/Pass/src/pytorch/torch/_dynamo/utils.py:2363] {"chromium_event": {}, "frame_id": 0, "frame_compile_id": 0, "attempt": 0, "has_payload": "3c4cfc5afad39ed601c6c318931ad04f"}
	{
	"name": "pass.post_grad_passes.decompose_map_to_while_loop",
	"ts": 1789099250727773.5,
	"args": {
	"compile_id": "0/0"
	},
	"ph": "B",
	"cat": "dynamo_timed",
	"tid": 0,
	"pid": 0
	}
V0911 12:00:50.728000 2314988 /home/z50063656/Pass/src/pytorch/torch/_dynamo/utils.py:2363] {"chromium_event": {}, "frame_id": 0, "frame_compile_id": 0, "attempt": 0, "has_payload": "d5e1bcb2091c3580dd083fbb4ec502d4"}
	{
	"name": "pass.post_grad_passes.decompose_map_to_while_loop",
	"ts": 1789099250728054.2,
	"args": {
	"compile_id": "0/0"
	},
	"ph": "E",
	"cat": "dynamo_timed",
	"tid": 0,
	"pid": 0
	}
V0911 12:00:50.730000 2314988 /home/z50063656/Pass/src/pytorch/torch/_dynamo/utils.py:2363] {"chromium_event": {}, "frame_id": 0, "frame_compile_id": 0, "attempt": 0, "has_payload": "e566fee184953de7fcb52b9576de0cae"}
	{
	"name": "_recursive_post_grad_passes",
	"ts": 1789099250730567.5,
	"args": {
	"compile_id": "0/0"
	},
	"ph": "E",
	"cat": "dynamo_timed",
	"tid": 0,
	"pid": 0
	}
V0911 12:00:50.735000 2314988 /home/z50063656/Pass/src/pytorch/torch/_inductor/compile_fx.py:1540] {"artifact": {"name": "inductor_post_grad_graph", "encoding": "string"}, "frame_id": 0, "frame_compile_id": 0, "attempt": 0, "has_payload": "2d0fbed640c4940554f106628d65625b"}
	class GraphModule(torch.nn.Module):
	    def forward(self, primals_1: "f32[16, 16][16, 1]npu:0", primals_2: "f32[8, 16][16, 1]npu:0", primals_3: "f32[16, 16][16, 1]npu:0", mm: "f32[8, 16][16, 1]npu:0", mm_1: "f32[8, 16][16, 1]npu:0", tangents_1: "f32[8][1]npu:0"):
	        # Backward of forward node: File: /home/z50063656/Pass/src/pytorch/test/inductor/test_reorder_for_locality_in_training.py:74 in forward, code: return (a * b + torch.sin(a) * torch.cos(b)).sum(dim=1)
	        unsqueeze: "f32[8, 1][1, 1]npu:0" = torch.ops.aten.unsqueeze.default(tangents_1, 1);  tangents_1 = None
	        expand: "f32[8, 16][1, 0]npu:0" = torch.ops.aten.expand.default(unsqueeze, [8, 16]);  unsqueeze = None
	
	        # Backward of forward node: File: /home/z50063656/Pass/src/pytorch/test/inductor/test_reorder_for_locality_in_training.py:72 in forward, code: a = torch.tanh(x @ self.w1)
	        tanh: "f32[8, 16][16, 1]npu:0" = torch.ops.aten.tanh.default(mm);  mm = None
	
	        # Backward of forward node: File: /home/z50063656/Pass/src/pytorch/test/inductor/test_reorder_for_locality_in_training.py:74 in forward, code: return (a * b + torch.sin(a) * torch.cos(b)).sum(dim=1)
	        sin: "f32[8, 16][16, 1]npu:0" = torch.ops.aten.sin.default(tanh)
	        mul_2: "f32[8, 16][16, 1]npu:0" = torch.ops.aten.mul.Tensor(expand, sin);  sin = None
	
	        # Backward of forward node: File: /home/z50063656/Pass/src/pytorch/test/inductor/test_reorder_for_locality_in_training.py:73 in forward, code: b = torch.sigmoid(x @ self.w2)
	        sigmoid: "f32[8, 16][16, 1]npu:0" = torch.ops.aten.sigmoid.default(mm_1);  mm_1 = None
	
	        # Backward of forward node: File: /home/z50063656/Pass/src/pytorch/test/inductor/test_reorder_for_locality_in_training.py:74 in forward, code: return (a * b + torch.sin(a) * torch.cos(b)).sum(dim=1)
	        cos: "f32[8, 16][16, 1]npu:0" = torch.ops.aten.cos.default(sigmoid)
	        mul_3: "f32[8, 16][16, 1]npu:0" = torch.ops.aten.mul.Tensor(expand, cos);  cos = None
	        sin_1: "f32[8, 16][16, 1]npu:0" = torch.ops.aten.sin.default(sigmoid)
	        neg: "f32[8, 16][16, 1]npu:0" = torch.ops.aten.neg.default(sin_1);  sin_1 = None
	        mul_4: "f32[8, 16][16, 1]npu:0" = torch.ops.aten.mul.Tensor(mul_2, neg);  mul_2 = neg = None
	        cos_1: "f32[8, 16][16, 1]npu:0" = torch.ops.aten.cos.default(tanh)
	        mul_5: "f32[8, 16][16, 1]npu:0" = torch.ops.aten.mul.Tensor(mul_3, cos_1);  mul_3 = cos_1 = None
	        mul_6: "f32[8, 16][16, 1]npu:0" = torch.ops.aten.mul.Tensor(expand, tanh)
	        mul_7: "f32[8, 16][16, 1]npu:0" = torch.ops.aten.mul.Tensor(expand, sigmoid);  expand = None
	        add_1: "f32[8, 16][16, 1]npu:0" = torch.ops.aten.add.Tensor(mul_5, mul_7);  mul_5 = mul_7 = None
	        add_2: "f32[8, 16][16, 1]npu:0" = torch.ops.aten.add.Tensor(mul_4, mul_6);  mul_4 = mul_6 = None
	
	        # Backward of forward node: File: /home/z50063656/Pass/src/pytorch/test/inductor/test_reorder_for_locality_in_training.py:73 in forward, code: b = torch.sigmoid(x @ self.w2)
	        sub: "f32[8, 16][16, 1]npu:0" = torch.ops.aten.sub.Tensor(1, sigmoid)
	        mul_8: "f32[8, 16][16, 1]npu:0" = torch.ops.aten.mul.Tensor(sigmoid, sub);  sigmoid = sub = None
	        mul_9: "f32[8, 16][16, 1]npu:0" = torch.ops.aten.mul.Tensor(add_2, mul_8);  add_2 = mul_8 = None
	        matmul_backward = torch.ops.aten.matmul_backward.default(mul_9, primals_2, primals_3, [False, True]);  mul_9 = primals_3 = None
	        getitem_1: "f32[16, 16][16, 1]npu:0" = matmul_backward[1];  matmul_backward = None
	
	        # Backward of forward node: File: /home/z50063656/Pass/src/pytorch/test/inductor/test_reorder_for_locality_in_training.py:72 in forward, code: a = torch.tanh(x @ self.w1)
	        mul_10: "f32[8, 16][16, 1]npu:0" = torch.ops.aten.mul.Tensor(tanh, tanh);  tanh = None
	        sub_1: "f32[8, 16][16, 1]npu:0" = torch.ops.aten.sub.Tensor(1, mul_10);  mul_10 = None
	        mul_11: "f32[8, 16][16, 1]npu:0" = torch.ops.aten.mul.Tensor(add_1, sub_1);  add_1 = sub_1 = None
	        matmul_backward_1 = torch.ops.aten.matmul_backward.default(mul_11, primals_2, primals_1, [False, True]);  mul_11 = primals_2 = primals_1 = None
	        getitem_3: "f32[16, 16][16, 1]npu:0" = matmul_backward_1[1];  matmul_backward_1 = None
	        return (getitem_3, None, getitem_1)
	
V0911 12:00:50.736000 2314988 /home/z50063656/Pass/src/pytorch/torch/_dynamo/utils.py:2363] {"chromium_event": {}, "frame_id": 0, "frame_compile_id": 0, "attempt": 0, "has_payload": "9505076dd8c248368defb9239e371d19"}
	{
	"name": "GraphLowering.run",
	"ts": 1789099250736868.2,
	"args": {
	"compile_id": "0/0"
	},
	"ph": "B",
	"cat": "dynamo_timed",
	"tid": 0,
	"pid": 0
	}
V0911 12:00:50.775000 2314988 /home/z50063656/Pass/src/pytorch/torch/_dynamo/utils.py:2363] {"chromium_event": {}, "frame_id": 0, "frame_compile_id": 0, "attempt": 0, "has_payload": "043a9fc173c0d91ec357b84726877cad"}
	{
	"name": "GraphLowering.run",
	"ts": 1789099250775784.2,
	"args": {
	"compile_id": "0/0"
	},
	"ph": "E",
	"cat": "dynamo_timed",
	"tid": 0,
	"pid": 0
	}
V0911 12:00:50.776000 2314988 /home/z50063656/Pass/src/pytorch/torch/_dynamo/utils.py:2363] {"chromium_event": {}, "frame_id": 0, "frame_compile_id": 0, "attempt": 0, "has_payload": "4d8112676ebd623617f12e6d09affff5"}
	{
	"name": "GraphLowering.compile_to_fn",
	"ts": 1789099250776193.0,
	"args": {
	"compile_id": "0/0"
	},
	"ph": "B",
	"cat": "dynamo_timed",
	"tid": 0,
	"pid": 0
	}
V0911 12:00:50.776000 2314988 /home/z50063656/Pass/src/pytorch/torch/_dynamo/utils.py:2363] {"chromium_event": {}, "frame_id": 0, "frame_compile_id": 0, "attempt": 0, "has_payload": "7dfd3026fbd3eb7368117b824eac9420"}
	{
	"name": "code_gen",
	"ts": 1789099250776407.0,
	"args": {
	"fn_name": "GraphLowering.compile_to_module",
	"compile_id": "0/0"
	},
	"ph": "B",
	"cat": "dynamo_timed",
	"tid": 0,
	"pid": 0
	}
V0911 12:00:50.776000 2314988 /home/z50063656/Pass/src/pytorch/torch/_dynamo/utils.py:2363] {"chromium_event": {}, "frame_id": 0, "frame_compile_id": 0, "attempt": 0, "has_payload": "3477f360788e631a7491131d9bada4ad"}
	{
	"name": "GraphLowering.codegen",
	"ts": 1789099250776596.2,
	"args": {
	"compile_id": "0/0"
	},
	"ph": "B",
	"cat": "dynamo_timed",
	"tid": 0,
	"pid": 0
	}
V0911 12:00:50.777000 2314988 /home/z50063656/Pass/src/pytorch/torch/_dynamo/utils.py:2363] {"chromium_event": {}, "frame_id": 0, "frame_compile_id": 0, "attempt": 0, "has_payload": "888cde8f0e358ca0de13a615626bb329"}
	{
	"name": "Scheduler.__init__",
	"ts": 1789099250777804.0,
	"args": {
	"compile_id": "0/0"
	},
	"ph": "B",
	"cat": "dynamo_timed",
	"tid": 0,
	"pid": 0
	}
V0911 12:00:50.801000 2314988 /home/z50063656/Pass/src/pytorch/torch/_dynamo/utils.py:2363] {"chromium_event": {}, "frame_id": 0, "frame_compile_id": 0, "attempt": 0, "has_payload": "571b2fa24d1a81f3f22038f58df26a19"}
	{
	"name": "Scheduler.fused_nodes",
	"ts": 1789099250801848.5,
	"args": {
	"compile_id": "0/0"
	},
	"ph": "B",
	"cat": "dynamo_timed",
	"tid": 0,
	"pid": 0
	}
V0911 12:00:50.808000 2314988 /home/z50063656/Pass/src/pytorch/torch/_dynamo/utils.py:2363] {"chromium_event": {}, "frame_id": 0, "frame_compile_id": 0, "attempt": 0, "has_payload": "ba5630782ef8636fed37136e13994a8b"}
	{
	"name": "Scheduler.fused_nodes",
	"ts": 1789099250808720.0,
	"args": {
	"compile_id": "0/0"
	},
	"ph": "E",
	"cat": "dynamo_timed",
	"tid": 0,
	"pid": 0
	}
V0911 12:00:50.813000 2314988 /home/z50063656/Pass/src/pytorch/torch/_dynamo/utils.py:2363] {"chromium_event": {}, "frame_id": 0, "frame_compile_id": 0, "attempt": 0, "has_payload": "da482700e9e6603256a03574e3c905d2"}
	{
	"name": "Scheduler.simple_overlap",
	"ts": 1789099250813817.5,
	"args": {
	"compile_id": "0/0"
	},
	"ph": "B",
	"cat": "dynamo_timed",
	"tid": 0,
	"pid": 0
	}
V0911 12:00:50.814000 2314988 /home/z50063656/Pass/src/pytorch/torch/_dynamo/utils.py:2363] {"chromium_event": {}, "frame_id": 0, "frame_compile_id": 0, "attempt": 0, "has_payload": "2f988c7fed5efd4a1b1b841715ad2b34"}
	{
	"name": "Scheduler.simple_overlap",
	"ts": 1789099250814202.0,
	"args": {
	"compile_id": "0/0"
	},
	"ph": "E",
	"cat": "dynamo_timed",
	"tid": 0,
	"pid": 0
	}
V0911 12:00:50.827000 2314988 /home/z50063656/Pass/src/pytorch/torch/_dynamo/utils.py:2363] {"chromium_event": {}, "frame_id": 0, "frame_compile_id": 0, "attempt": 0, "has_payload": "c3a52273a84f8839d23bd629252f7c80"}
	{
	"name": "Scheduler.__init__",
	"ts": 1789099250827292.0,
	"args": {
	"compile_id": "0/0"
	},
	"ph": "E",
	"cat": "dynamo_timed",
	"tid": 0,
	"pid": 0
	}
V0911 12:00:50.827000 2314988 /home/z50063656/Pass/src/pytorch/torch/_dynamo/utils.py:2363] {"chromium_event": {}, "frame_id": 0, "frame_compile_id": 0, "attempt": 0, "has_payload": "5b9747316fe693287a98ce4a0ea783a0"}
	{
	"name": "Scheduler.codegen",
	"ts": 1789099250827564.8,
	"args": {
	"compile_id": "0/0"
	},
	"ph": "B",
	"cat": "dynamo_timed",
	"tid": 0,
	"pid": 0
	}
V0911 12:00:50.891000 2314988 /home/z50063656/Pass/src/pytorch/torch/_dynamo/utils.py:2363] {"chromium_event": {}, "frame_id": 0, "frame_compile_id": 0, "attempt": 0, "has_payload": "54bc3c2cedd384abc3f4cfcbd86beea6"}
	{
	"name": "Scheduler.codegen",
	"ts": 1789099250891429.8,
	"args": {
	"compile_id": "0/0"
	},
	"ph": "E",
	"cat": "dynamo_timed",
	"tid": 0,
	"pid": 0
	}
V0911 12:00:50.891000 2314988 /home/z50063656/Pass/src/pytorch/torch/_dynamo/utils.py:2363] {"chromium_event": {}, "frame_id": 0, "frame_compile_id": 0, "attempt": 0, "has_payload": "6d8134ae415b6564bf9a1595b7773d83"}
	{
	"name": "PythonWrapperCodegen.generate",
	"ts": 1789099250891696.5,
	"args": {
	"compile_id": "0/0"
	},
	"ph": "B",
	"cat": "dynamo_timed",
	"tid": 0,
	"pid": 0
	}
V0911 12:00:50.897000 2314988 /home/z50063656/Pass/src/pytorch/torch/_dynamo/utils.py:2363] {"chromium_event": {}, "frame_id": 0, "frame_compile_id": 0, "attempt": 0, "has_payload": "2ab31a21618d3d260b37bbed24050615"}
	{
	"name": "PythonWrapperCodegen.generate",
	"ts": 1789099250897365.0,
	"args": {
	"compile_id": "0/0"
	},
	"ph": "E",
	"cat": "dynamo_timed",
	"tid": 0,
	"pid": 0
	}
V0911 12:00:50.897000 2314988 /home/z50063656/Pass/src/pytorch/torch/_dynamo/utils.py:2363] {"chromium_event": {}, "frame_id": 0, "frame_compile_id": 0, "attempt": 0, "has_payload": "7dbe60af3ce4dadda89cc4131dd155e4"}
	{
	"name": "GraphLowering.codegen",
	"ts": 1789099250897596.5,
	"args": {
	"compile_id": "0/0"
	},
	"ph": "E",
	"cat": "dynamo_timed",
	"tid": 0,
	"pid": 0
	}
V0911 12:00:50.900000 2314988 /home/z50063656/Pass/src/pytorch/torch/_inductor/graph.py:3137] {"inductor_output_code": {"filename": "/home/z50063656/tmp/t087-npu-functional-20260911/off/inductor-cache/tmpt5ebgl5h/5v/c5vhbdvw5cjlvbl4oadv7bjrv4t5wwjygs5q4jefnbtw2i6wcehh.py", "file_path": "/home/z50063656/tmp/t087-npu-functional-20260911/off/inductor-cache/tmpt5ebgl5h/5v/c5vhbdvw5cjlvbl4oadv7bjrv4t5wwjygs5q4jefnbtw2i6wcehh.py"}, "frame_id": 0, "frame_compile_id": 0, "attempt": 0, "has_payload": "972123d639c291c01a656f438037e8d8"}
	# AOT ID: ['0_backward']
	from ctypes import c_void_p, c_long, c_int
	import torch
	import math
	import random
	import os
	import tempfile
	from math import inf, nan
	from cmath import nanj
	from torch._inductor.hooks import run_intermediate_hooks
	from torch._inductor.utils import maybe_profile
	from torch._inductor.codegen.memory_planning import _align as align
	from torch import device, empty_strided
	from torch._inductor.async_compile import AsyncCompile
	from torch._inductor.select_algorithm import extern_kernels
	from torch._C._dynamo.guards import copy_if_misaligned
	import triton
	import triton.language as tl
	from torch._inductor.runtime.triton_heuristics import start_graph, end_graph
	from torch_npu._inductor.triton_experimental import npu_triton_heuristics
	from torch_npu._inductor.triton_experimental import get_current_raw_stream as get_raw_stream
	
	aten = torch.ops.aten
	inductor_ops = torch.ops.inductor
	_quantized = torch.ops._quantized
	assert_size_stride = torch._C._dynamo.guards.assert_size_stride
	assert_size_stride_grouped = torch._C._dynamo.guards.assert_size_stride_grouped
	assert_alignment = torch._C._dynamo.guards.assert_alignment
	empty_strided_cpu = torch._C._dynamo.guards._empty_strided_cpu
	empty_strided_cpu_pinned = torch._C._dynamo.guards._empty_strided_cpu_pinned
	empty_strided_cuda = torch._C._dynamo.guards._empty_strided_cuda
	empty_strided_xpu = torch._C._dynamo.guards._empty_strided_xpu
	empty_strided_mtia = torch._C._dynamo.guards._empty_strided_mtia
	reinterpret_tensor = torch._C._dynamo.guards._reinterpret_tensor
	alloc_from_pool = torch.ops.inductor._alloc_from_pool
	async_compile = AsyncCompile()
	empty_strided_p2p = torch._C._distributed_c10d._SymmetricMemory.empty_strided_p2p
	import torch_npu
	empty_strided_npu = torch_npu._C._empty_strided_npu
	
	
	# kernel path: /home/z50063656/tmp/t087-npu-functional-20260911/off/inductor-cache/tmpt5ebgl5h/oh/cohjayhbiv5pivvhjwbokdgo6xc2mdskd6ylfau3v7m5siuf2ic2.py
	# Topologically Sorted Source Nodes: [unsqueeze, expand, a, sin, mul_2, b, cos, mul_3, sin_1, neg, mul_4, cos_1, mul_5, mul_6, mul_7, add_1, add_2, sub, mul_8, mul_9, matmul_backward, mul_10, sub_1, mul_11, matmul_backward_1], Original ATen: [aten.unsqueeze, aten.expand, aten.tanh, aten.sin, aten.mul, aten.sigmoid, aten.cos, aten.neg, aten.add, aten.sigmoid_backward, aten.matmul_backward, aten.tanh_backward]
	# Source node to ATen node mapping:
	#   a => tanh
	#   add_1 => add_1
	#   add_2 => add_2
	#   b => sigmoid
	#   cos => cos
	#   cos_1 => cos_1
	#   expand => expand
	#   matmul_backward => matmul_backward
	#   matmul_backward_1 => matmul_backward_1
	#   mul_10 => mul_10
	#   mul_11 => mul_11
	#   mul_2 => mul_2
	#   mul_3 => mul_3
	#   mul_4 => mul_4
	#   mul_5 => mul_5
	#   mul_6 => mul_6
	#   mul_7 => mul_7
	#   mul_8 => mul_8
	#   mul_9 => mul_9
	#   neg => neg
	#   sin => sin
	#   sin_1 => sin_1
	#   sub => sub
	#   sub_1 => sub_1
	#   unsqueeze => unsqueeze
	# Graph fragment:
	#   %tangents_1 : Tensor "f32[8][1]npu:0" = PlaceHolder[target=tangents_1]
	#   %mm : Tensor "f32[8, 16][16, 1]npu:0" = PlaceHolder[target=mm]
	#   %mm_1 : Tensor "f32[8, 16][16, 1]npu:0" = PlaceHolder[target=mm_1]
	#   %unsqueeze : Tensor "f32[8, 1][1, 1]npu:0"[num_users=1] = call_function[target=torch.ops.aten.unsqueeze.default](args = (%tangents_1, 1), kwargs = {})
	#   %expand : Tensor "f32[8, 16][1, 0]npu:0"[num_users=4] = call_function[target=torch.ops.aten.expand.default](args = (%unsqueeze, [8, 16]), kwargs = {})
	#   %tanh : Tensor "f32[8, 16][16, 1]npu:0"[num_users=4] = call_function[target=torch.ops.aten.tanh.default](args = (%mm,), kwargs = {})
	#   %sin : Tensor "f32[8, 16][16, 1]npu:0"[num_users=1] = call_function[target=torch.ops.aten.sin.default](args = (%tanh,), kwargs = {})
	#   %mul_2 : Tensor "f32[8, 16][16, 1]npu:0"[num_users=1] = call_function[target=torch.ops.aten.mul.Tensor](args = (%expand, %sin), kwargs = {})
	#   %sigmoid : Tensor "f32[8, 16][16, 1]npu:0"[num_users=5] = call_function[target=torch.ops.aten.sigmoid.default](args = (%mm_1,), kwargs = {})
	#   %cos : Tensor "f32[8, 16][16, 1]npu:0"[num_users=1] = call_function[target=torch.ops.aten.cos.default](args = (%sigmoid,), kwargs = {})
	#   %mul_3 : Tensor "f32[8, 16][16, 1]npu:0"[num_users=1] = call_function[target=torch.ops.aten.mul.Tensor](args = (%expand, %cos), kwargs = {})
	#   %sin_1 : Tensor "f32[8, 16][16, 1]npu:0"[num_users=1] = call_function[target=torch.ops.aten.sin.default](args = (%sigmoid,), kwargs = {})
	#   %neg : Tensor "f32[8, 16][16, 1]npu:0"[num_users=1] = call_function[target=torch.ops.aten.neg.default](args = (%sin_1,), kwargs = {})
	#   %mul_4 : Tensor "f32[8, 16][16, 1]npu:0"[num_users=1] = call_function[target=torch.ops.aten.mul.Tensor](args = (%mul_2, %neg), kwargs = {})
	#   %cos_1 : Tensor "f32[8, 16][16, 1]npu:0"[num_users=1] = call_function[target=torch.ops.aten.cos.default](args = (%tanh,), kwargs = {})
	#   %mul_5 : Tensor "f32[8, 16][16, 1]npu:0"[num_users=1] = call_function[target=torch.ops.aten.mul.Tensor](args = (%mul_3, %cos_1), kwargs = {})
	#   %mul_6 : Tensor "f32[8, 16][16, 1]npu:0"[num_users=1] = call_function[target=torch.ops.aten.mul.Tensor](args = (%expand, %tanh), kwargs = {})
	#   %mul_7 : Tensor "f32[8, 16][16, 1]npu:0"[num_users=1] = call_function[target=torch.ops.aten.mul.Tensor](args = (%expand, %sigmoid), kwargs = {})
	#   %add_1 : Tensor "f32[8, 16][16, 1]npu:0"[num_users=1] = call_function[target=torch.ops.aten.add.Tensor](args = (%mul_5, %mul_7), kwargs = {})
	#   %add_2 : Tensor "f32[8, 16][16, 1]npu:0"[num_users=1] = call_function[target=torch.ops.aten.add.Tensor](args = (%mul_4, %mul_6), kwargs = {})
	#   %sub : Tensor "f32[8, 16][16, 1]npu:0"[num_users=1] = call_function[target=torch.ops.aten.sub.Tensor](args = (1, %sigmoid), kwargs = {})
	#   %mul_8 : Tensor "f32[8, 16][16, 1]npu:0"[num_users=1] = call_function[target=torch.ops.aten.mul.Tensor](args = (%sigmoid, %sub), kwargs = {})
	#   %mul_9 : Tensor "f32[8, 16][16, 1]npu:0"[num_users=1] = call_function[target=torch.ops.aten.mul.Tensor](args = (%add_2, %mul_8), kwargs = {})
	#   %matmul_backward : [num_users=1] = call_function[target=torch.ops.aten.matmul_backward.default](args = (%mul_9, %primals_2, %primals_3, [False, True]), kwargs = {})
	#   %mul_10 : Tensor "f32[8, 16][16, 1]npu:0"[num_users=1] = call_function[target=torch.ops.aten.mul.Tensor](args = (%tanh, %tanh), kwargs = {})
	#   %sub_1 : Tensor "f32[8, 16][16, 1]npu:0"[num_users=1] = call_function[target=torch.ops.aten.sub.Tensor](args = (1, %mul_10), kwargs = {})
	#   %mul_11 : Tensor "f32[8, 16][16, 1]npu:0"[num_users=1] = call_function[target=torch.ops.aten.mul.Tensor](args = (%add_1, %sub_1), kwargs = {})
	#   %matmul_backward_1 : [num_users=1] = call_function[target=torch.ops.aten.matmul_backward.default](args = (%mul_11, %primals_2, %primals_1, [False, True]), kwargs = {})
	#   return %buf0,%buf4
	triton_unk_fused_add_cos_expand_matmul_backward_mul_neg_sigmoid_sigmoid_backward_sin_tanh_tanh_backward_unsqueeze_0 = async_compile.triton('triton_unk_fused_add_cos_expand_matmul_backward_mul_neg_sigmoid_sigmoid_backward_sin_tanh_tanh_backward_unsqueeze_0', '''
	import triton
	import triton.language as tl
	from triton.compiler.compiler import AttrsDescriptor
	
	from torch._inductor.runtime import triton_helpers, triton_heuristics
	from torch._inductor.runtime.triton_helpers import libdevice, math as tl_math
	from torch._inductor.runtime.hints import AutotuneHint, ReductionHint, TileHint, DeviceProperties
	
	from torch_npu._inductor.triton_experimental import npu_triton_heuristics
	from torch_npu._inductor.triton_experimental.npu_triton_helpers import libdevice, math as tl_math
	
	from triton.language.extra.cann.extension import extract_slice
	
	@npu_triton_heuristics.pointwise(
	    size_hints={'x': 128}, 
	    filename=__file__,
	    triton_meta={'signature': {'in_ptr0': '*fp32', 'in_ptr1': '*fp32', 'in_ptr2': '*fp32', 'out_ptr0': '*fp32', 'out_ptr1': '*fp32', 'xnumel': 'i32'}, 'device': DeviceProperties(type='npu', index=0, multi_processor_count=48, cc='Ascend910B2', major=None, regs_per_multiprocessor=None, max_threads_per_multi_processor=None, max_threads_per_block=1024, warp_size=None), 'constants': {}, 'mix_mode': 'aiv', 'configs': [AttrsDescriptor.from_dict({'arg_properties': {'tt.divisibility': (0, 1, 2, 3, 4, 5), 'tt.equal_to': ()}, 'cls': 'AttrsDescriptor'})], 'block_hints': {'XBLOCK_HINT': [16, 8, {'divisors': [1, 16]}], 'R0_BLOCK_HINT': [{'divisors': []}]}, 'axis_hints': [{'name': 'x0', 'length': 16, 'divisor': 1, 'seed': 1}, {'name': 'x1', 'length': 8, 'divisor': 16, 'seed': 2}]},
	    inductor_meta={'grid_type': 'Grid1D', 'autotune_hints': set(), 'kernel_name': 'triton_unk_fused_add_cos_expand_matmul_backward_mul_neg_sigmoid_sigmoid_backward_sin_tanh_tanh_backward_unsqueeze_0', 'mutated_arg_names': [], 'optimize_mem': True, 'no_x_dim': False, 'num_load': 3, 'num_reduction': 0, 'npu_num_x_nodes': 2, 'npu_rsplit_partial': False, 'backend_hash': '573767764059784D1B071A77E46541176356CEAB012EDE3A29BDD4D6B9E2A472', 'assert_indirect_indexing': True, 'autotune_local_cache': True, 'autotune_pointwise': True, 'autotune_remote_cache': None, 'force_disable_caches': True, 'dynamic_scale_rblock': True, 'incremental_autotune': False, 'max_autotune': False, 'max_autotune_pointwise': False, 'min_split_scan_rblock': 256, 'spill_threshold': 16, 'store_cubin': False, 'deterministic': False, 'batch_invariant': False, 'force_filter_reduction_configs': False, 'mix_order_reduction_allow_multi_stages': True, 'dynamic_disable_pipelining': True, 'are_deterministic_algorithms_enabled': False},
	    min_elem_per_thread=0
	)
	@triton.jit
	def triton_unk_fused_add_cos_expand_matmul_backward_mul_neg_sigmoid_sigmoid_backward_sin_tanh_tanh_backward_unsqueeze_0(in_ptr0, in_ptr1, in_ptr2, out_ptr0, out_ptr1, xnumel, XBLOCK : tl.constexpr):
	    total_thread = 48
	    group_id = tl.program_id(0)
	    xnumel = 128
	    x_g_tile0 : tl.constexpr = (16) if (16) < (XBLOCK) else (XBLOCK)
	    x_g_rem1 : tl.constexpr = ((XBLOCK) // x_g_tile0) if ((XBLOCK) // x_g_tile0) > 1 else 1
	    x_g_tile1 : tl.constexpr = (8) if (8) < (x_g_rem1) else (x_g_rem1)
	    x0numel : tl.constexpr = 16
	    x1numel : tl.constexpr = 8
	    real_block_x0 : tl.constexpr = (((x_g_tile0) + 7) // 8) * 8
	    real_block_x1 : tl.constexpr = x_g_tile1
	    x0_blocks : tl.constexpr = (x0numel + real_block_x0 - 1) // real_block_x0
	    x1_blocks : tl.constexpr = (x1numel + real_block_x1 - 1) // real_block_x1
	    x_cumblk_1 = x0_blocks
	    total_blocks = x0_blocks * x1_blocks
	    group_size = total_blocks // total_thread
	    group_tail = total_blocks % total_thread
	    if group_id < group_tail:
	        group_size = group_size + 1
	        group_base = group_id * group_size
	    else:
	        group_base = group_id * group_size + group_tail
	    for i in range(group_size):
	        x0offset = (group_base + i) % x0_blocks * real_block_x0
	        x1offset = (group_base + i) // x_cumblk_1 % x1_blocks * real_block_x1
	        x0index = x0offset + tl.arange(0, real_block_x0)[None, :]
	        x0 = x0index
	        x0mask = x0index < x0numel
	        x1index = x1offset + tl.arange(0, real_block_x1)[:, None]
	        x1 = x1index
	        x1mask = x1index < x1numel
	        xmask = x0mask & x1mask
	        tmp0 = tl.load(in_ptr0 + (x1), x1mask, eviction_policy='evict_last')
	        tmp1 = tl.load(in_ptr1 + (x0 + 16*x1), x0mask & x1mask)
	        tmp5 = tl.load(in_ptr2 + (x0 + 16*x1), x0mask & x1mask)
	        tmp2 = libdevice.tanh(tmp1)
	        tmp3 = tl_math.sin(tmp2)
	        tmp4 = tmp0 * tmp3
	        tmp6 = tl.sigmoid(tmp5)
	        tmp7 = tl_math.sin(tmp6)
	        tmp8 = -tmp7
	        tmp9 = tmp4 * tmp8
	        tmp10 = tmp0 * tmp2
	        tmp11 = tmp9 + tmp10
	        tmp12 = tl.full([1], 1.0, tl.float32)
	        tmp13 = tmp12 - tmp6
	        tmp14 = tmp6 * tmp13
	        tmp15 = tmp11 * tmp14
	        tmp16 = tl_math.cos(tmp6)
	        tmp17 = tmp0 * tmp16
	        tmp18 = tl_math.cos(tmp2)
	        tmp19 = tmp17 * tmp18
	        tmp20 = tmp0 * tmp6
	        tmp21 = tmp19 + tmp20
	        tmp22 = tmp2 * tmp2
	        tmp23 = tmp12 - tmp22
	        tmp24 = tmp21 * tmp23
	        tl.store(out_ptr0 + (x0 + 16*x1), tmp15, x0mask & x1mask)
	        tl.store(out_ptr1 + (x0 + 16*x1), tmp24, x0mask & x1mask)
	''', device_str='npu')
	
	
	async_compile.wait(globals())
	del async_compile
	
	class Runner:
	    def __init__(self, partitions):
	        self.partitions = partitions
	
	    def recursively_apply_fns(self, fns):
	        new_callables = []
	        for fn, c in zip(fns, self.partitions):
	            new_callables.append(fn(c))
	        self.partitions = new_callables
	
	    def call(self, args):
	        primals_1, primals_2, primals_3, mm, mm_1, tangents_1 = args
	        args.clear()
	        with torch.npu.utils.device(0):
	            torch.npu.set_device(0)
	            tangents_1 = copy_if_misaligned(tangents_1)
	            buf0 = empty_strided_npu((8, 16), (16, 1), torch.float32)
	            buf4 = empty_strided_npu((8, 16), (16, 1), torch.float32)
	            # Topologically Sorted Source Nodes: [unsqueeze, expand, a, sin, mul_2, b, cos, mul_3, sin_1, neg, mul_4, cos_1, mul_5, mul_6, mul_7, add_1, add_2, sub, mul_8, mul_9, matmul_backward, mul_10, sub_1, mul_11, matmul_backward_1], Original ATen: [aten.unsqueeze, aten.expand, aten.tanh, aten.sin, aten.mul, aten.sigmoid, aten.cos, aten.neg, aten.add, aten.sigmoid_backward, aten.matmul_backward, aten.tanh_backward]
	            raw_stream0 = get_raw_stream(0)
	            triton_unk_fused_add_cos_expand_matmul_backward_mul_neg_sigmoid_sigmoid_backward_sin_tanh_tanh_backward_unsqueeze_0.run(tangents_1, mm, mm_1, buf0, buf4, 128, stream=raw_stream0)
	            del mm
	            del mm_1
	            del tangents_1
	            # Topologically Sorted Source Nodes: [unsqueeze, expand, a, sin, mul_2, b, sin_1, neg, mul_4, mul_6, add_2, sub, mul_8, mul_9, matmul_backward], Original ATen: [aten.unsqueeze, aten.expand, aten.tanh, aten.sin, aten.mul, aten.sigmoid, aten.neg, aten.add, aten.sigmoid_backward, aten.matmul_backward]
	            # [Provenance debug handles] torch.ops.aten.matmul_backward.default:1
	            buf1 = torch.ops.aten.matmul_backward.default(buf0, primals_2, primals_3, [False, True])
	            del buf0
	            del primals_3
	            buf3 = buf1[1]
	            assert_alignment(buf3, 16, 'torch.ops.aten.matmul_backward.default')
	            del buf1
	            # Topologically Sorted Source Nodes: [unsqueeze, expand, a, b, cos, mul_3, cos_1, mul_5, mul_7, add_1, mul_10, sub_1, mul_11, matmul_backward_1], Original ATen: [aten.unsqueeze, aten.expand, aten.tanh, aten.sigmoid, aten.cos, aten.mul, aten.add, aten.tanh_backward, aten.matmul_backward]
	            # [Provenance debug handles] torch.ops.aten.matmul_backward.default:2
	            buf5 = torch.ops.aten.matmul_backward.default(buf4, primals_2, primals_1, [False, True])
	            del buf4
	            del primals_1
	            del primals_2
	            buf7 = buf5[1]
	            assert_alignment(buf7, 16, 'torch.ops.aten.matmul_backward.default')
	            del buf5
	        return (buf7, None, buf3, )
	
	runner = Runner(partitions=[])
	call = runner.call
	recursively_apply_fns = runner.recursively_apply_fns
	
	
	def get_args():
	    from torch._dynamo.testing import rand_strided
	    primals_1 = rand_strided((16, 16), (16, 1), device='npu:0', dtype=torch.float32)
	    primals_2 = rand_strided((8, 16), (16, 1), device='npu:0', dtype=torch.float32)
	    primals_3 = rand_strided((16, 16), (16, 1), device='npu:0', dtype=torch.float32)
	    mm = rand_strided((8, 16), (16, 1), device='npu:0', dtype=torch.float32)
	    mm_1 = rand_strided((8, 16), (16, 1), device='npu:0', dtype=torch.float32)
	    tangents_1 = rand_strided((8, ), (1, ), device='npu:0', dtype=torch.float32)
	    return [primals_1, primals_2, primals_3, mm, mm_1, tangents_1]
	
	
	def benchmark_compiled_module(args, times=10, repeat=10):
	    from torch._inductor.utils import print_performance
	    fn = lambda: call(list(args))
	    return print_performance(fn, times=times, repeat=repeat, device='npu')
	
	
	if __name__ == "__main__":
	    from torch._inductor.wrapper_benchmark import compiled_module_main
	    args = get_args()
	    compiled_module_main('None', lambda times, repeat: benchmark_compiled_module(args, times=times, repeat=repeat))
	
V0911 12:00:50.900000 2314988 /home/z50063656/Pass/src/pytorch/torch/_dynamo/utils.py:2363] {"chromium_event": {}, "frame_id": 0, "frame_compile_id": 0, "attempt": 0, "has_payload": "0a9e48df0d25a5a76fb774c7bd7bb631"}
	{
	"name": "PyCodeCache.load_by_key_path",
	"ts": 1789099250900854.5,
	"args": {
	"compile_id": "0/0"
	},
	"ph": "B",
	"cat": "dynamo_timed",
	"tid": 0,
	"pid": 0
	}
V0911 12:00:50.903000 2314988 /home/z50063656/Pass/src/pytorch/torch/_dynamo/utils.py:2363] {"chromium_event": {}, "frame_id": 0, "frame_compile_id": 0, "attempt": 0, "has_payload": "44cb77e9ec040036c23aa5c6da614c6b"}
	{
	"name": "async_compile.precompile",
	"ts": 1789099250903242.0,
	"args": {
	"compile_id": "0/0"
	},
	"ph": "B",
	"cat": "dynamo_timed",
	"tid": 0,
	"pid": 0
	}
V0911 12:01:07.128000 2314988 /home/z50063656/Pass/src/pytorch/torch/_dynamo/utils.py:2363] {"chromium_event": {}, "frame_id": 0, "frame_compile_id": 0, "attempt": 0, "has_payload": "2a121d3dbe0c922b244563ea47cba170"}
	{
	"name": "async_compile.precompile",
	"ts": 1789099267128669.2,
	"args": {
	"compile_id": "0/0"
	},
	"ph": "E",
	"cat": "dynamo_timed",
	"tid": 0,
	"pid": 0
	}
V0911 12:01:07.129000 2314988 /home/z50063656/Pass/src/pytorch/torch/_inductor/async_compile.py:138] {"artifact": {"name": "triton_kernel_info", "encoding": "json"}, "frame_id": 0, "frame_compile_id": 0, "attempt": 0, "has_payload": "a494ef3868adef2a7a54c2c2a3dcfe6a"}
	{"triton_unk_fused_add_cos_expand_matmul_backward_mul_neg_sigmoid_sigmoid_backward_sin_tanh_tanh_backward_unsqueeze_0": {"compile_time_us": 16225092}}
V0911 12:01:07.129000 2314988 /home/z50063656/Pass/src/pytorch/torch/_dynamo/utils.py:2363] {"chromium_event": {}, "frame_id": 0, "frame_compile_id": 0, "attempt": 0, "has_payload": "8bc67719a3207111b17bb7b5bb1462df"}
	{
	"name": "PyCodeCache.load_by_key_path",
	"ts": 1789099267129456.5,
	"args": {
	"compile_id": "0/0"
	},
	"ph": "E",
	"cat": "dynamo_timed",
	"tid": 0,
	"pid": 0
	}
V0911 12:01:07.129000 2314988 /home/z50063656/Pass/src/pytorch/torch/_dynamo/utils.py:2363] {"chromium_event": {}, "frame_id": 0, "frame_compile_id": 0, "attempt": 0, "has_payload": "9d3b1ab267d713541de4ce730a2bfbdc"}
	{
	"name": "code_gen",
	"ts": 1789099267129715.5,
	"args": {
	"fn_name": "GraphLowering.compile_to_module",
	"compile_id": "0/0"
	},
	"ph": "E",
	"cat": "dynamo_timed",
	"tid": 0,
	"pid": 0
	}
V0911 12:01:07.130000 2314988 /home/z50063656/Pass/src/pytorch/torch/_dynamo/utils.py:2363] {"chromium_event": {}, "frame_id": 0, "frame_compile_id": 0, "attempt": 0, "has_payload": "782c2bc28252fbe89d332819b1547e27"}
	{
	"name": "GraphLowering.compile_to_fn",
	"ts": 1789099267129943.0,
	"args": {
	"compile_id": "0/0"
	},
	"ph": "E",
	"cat": "dynamo_timed",
	"tid": 0,
	"pid": 0
	}
V0911 12:01:07.130000 2314988 /home/z50063656/Pass/src/pytorch/torch/_inductor/compile_fx.py:1765] {"artifact": {"name": "inductor_provenance_tracking_node_mappings", "encoding": "json"}, "frame_id": 0, "frame_compile_id": 0, "attempt": 0, "has_payload": "09dbb16fab3866ef2fcb70ea4c21fdb9"}
	{"version": 2.0}
V0911 12:01:07.130000 2314988 /home/z50063656/Pass/src/pytorch/torch/_inductor/compile_fx.py:1773] {"artifact": {"name": "inductor_provenance_tracking_kernel_stack_traces", "encoding": "json"}, "frame_id": 0, "frame_compile_id": 0, "attempt": 0, "has_payload": "fd2534c6f4844758424afed5510be26b"}
	{"torch.ops.aten.matmul_backward.default:1": ["  File \"/home/z50063656/Pass/src/pytorch/test/inductor/test_reorder_for_locality_in_training.py\", line 73, in forward\n    b = torch.sigmoid(x @ self.w2)\n                      ^^^^^^^^^^^^\n", "  File \"/home/z50063656/Pass/src/pytorch/test/inductor/test_reorder_for_locality_in_training.py\", line 73, in forward\n    b = torch.sigmoid(x @ self.w2)\n        ^^^^^^^^^^^^^^^^^^^^^^^^^^\n", "  File \"/home/z50063656/Pass/src/pytorch/test/inductor/test_reorder_for_locality_in_training.py\", line 74, in forward\n    return (a * b + torch.sin(a) * torch.cos(b)).sum(dim=1)\n            ^^^^^^^^^^^^^^^^^^^^^^^^^^^^^^^^^^^^^^^^^^^^^^^\nGradient addition node due to multiple use of tensor around:", "  File \"/home/z50063656/Pass/src/pytorch/test/inductor/test_reorder_for_locality_in_training.py\", line 74, in forward\n    return (a * b + torch.sin(a) * torch.cos(b)).sum(dim=1)\n                                   ^^^^^^^^^^^^^^^^^^^^^^^^\n", "  File \"/home/z50063656/Pass/src/pytorch/test/inductor/test_reorder_for_locality_in_training.py\", line 74, in forward\n    return (a * b + torch.sin(a) * torch.cos(b)).sum(dim=1)\n                    ^^^^^^^^^^^^^^^^^^^^^^^^^^^^^^^^^^^^^^^\n", "  File \"/home/z50063656/Pass/src/pytorch/test/inductor/test_reorder_for_locality_in_training.py\", line 74, in forward\n    return (a * b + torch.sin(a) * torch.cos(b)).sum(dim=1)\n           ^^^^^^^^^^^^^^^^^^^^^^^^^^^^^^^^^^^^^^^^^^^^^^^^\n", "  File \"/home/z50063656/Pass/src/pytorch/test/inductor/test_reorder_for_locality_in_training.py\", line 72, in forward\n    a = torch.tanh(x @ self.w1)\n        ^^^^^^^^^^^^^^^^^^^^^^^\n", "  File \"/home/z50063656/Pass/src/pytorch/test/inductor/test_reorder_for_locality_in_training.py\", line 74, in forward\n    return (a * b + torch.sin(a) * torch.cos(b)).sum(dim=1)\n            ^^^^^^^^^^^^^^^^^^^^^^^^^^^^^^^^^^^^^^^^^^^^^^^\n"], "torch.ops.aten.matmul_backward.default:2": ["  File \"/home/z50063656/Pass/src/pytorch/test/inductor/test_reorder_for_locality_in_training.py\", line 72, in forward\n    a = torch.tanh(x @ self.w1)\n                   ^^^^^^^^^^^^\n", "  File \"/home/z50063656/Pass/src/pytorch/test/inductor/test_reorder_for_locality_in_training.py\", line 72, in forward\n    a = torch.tanh(x @ self.w1)\n        ^^^^^^^^^^^^^^^^^^^^^^^\n", "  File \"/home/z50063656/Pass/src/pytorch/test/inductor/test_reorder_for_locality_in_training.py\", line 74, in forward\n    return (a * b + torch.sin(a) * torch.cos(b)).sum(dim=1)\n            ^^^^^^^^^^^^^^^^^^^^^^^^^^^^^^^^^^^^^^^^^^^^^^^\nGradient addition node due to multiple use of tensor around:", "  File \"/home/z50063656/Pass/src/pytorch/test/inductor/test_reorder_for_locality_in_training.py\", line 74, in forward\n    return (a * b + torch.sin(a) * torch.cos(b)).sum(dim=1)\n                    ^^^^^^^^^^^^^^^^^^^^^^^^^^^^^^^^^^^^^^^\n", "  File \"/home/z50063656/Pass/src/pytorch/test/inductor/test_reorder_for_locality_in_training.py\", line 74, in forward\n    return (a * b + torch.sin(a) * torch.cos(b)).sum(dim=1)\n           ^^^^^^^^^^^^^^^^^^^^^^^^^^^^^^^^^^^^^^^^^^^^^^^^\n", "  File \"/home/z50063656/Pass/src/pytorch/test/inductor/test_reorder_for_locality_in_training.py\", line 74, in forward\n    return (a * b + torch.sin(a) * torch.cos(b)).sum(dim=1)\n                                   ^^^^^^^^^^^^^^^^^^^^^^^^\n", "  File \"/home/z50063656/Pass/src/pytorch/test/inductor/test_reorder_for_locality_in_training.py\", line 73, in forward\n    b = torch.sigmoid(x @ self.w2)\n        ^^^^^^^^^^^^^^^^^^^^^^^^^^\n", "  File \"/home/z50063656/Pass/src/pytorch/test/inductor/test_reorder_for_locality_in_training.py\", line 74, in forward\n    return (a * b + torch.sin(a) * torch.cos(b)).sum(dim=1)\n            ^^^^^^^^^^^^^^^^^^^^^^^^^^^^^^^^^^^^^^^^^^^^^^^\n"]}
V0911 12:01:07.131000 2314988 /home/z50063656/Pass/src/pytorch/torch/_dynamo/utils.py:2402] {"chromium_event": {}, "frame_id": 0, "frame_compile_id": 0, "attempt": 0, "has_payload": "267db4c1f8b47aa4cd061789ceaef7c1"}
	{
	"name": "fx_graph_cache_disabled",
	"ts": 1789099250689179.5,
	"args": {
	"compile_id": "0/0"
	},
	"ph": "i",
	"cat": "dynamo_timed",
	"tid": 0,
	"pid": 0,
	"s": "p"
	}
V0911 12:01:07.131000 2314988 /home/z50063656/Pass/src/pytorch/torch/_dynamo/utils.py:2363] {"chromium_event": {}, "frame_id": 0, "frame_compile_id": 0, "attempt": 0, "has_payload": "8155c7e3c59e577549dda87745ebcc5a"}
	{
	"name": "fx_codegen_and_compile",
	"ts": 1789099267131595.2,
	"args": {
	"compile_id": "0/0"
	},
	"ph": "E",
	"cat": "dynamo_timed",
	"tid": 0,
	"pid": 0
	}
V0911 12:01:07.132000 2314988 /home/z50063656/Pass/src/pytorch/torch/_dynamo/utils.py:2363] {"chromium_event": {}, "frame_id": 0, "frame_compile_id": 0, "attempt": 0, "has_payload": "f2d71cde10f2eea050b94238e8f0a104"}
	{
	"name": "inductor_compile",
	"ts": 1789099267132258.8,
	"args": {
	"fn_name": "compile_fx_inner",
	"compile_id": "0/0",
	"is_backward": true,
	"cache_state": "disabled",
	"cache_event_time": 1789099250689179540,
	"key": null,
	"components": null,
	"cache_bypass_reason": "cache not enabled",
	"remote_cache_enabled": false,
	"local_cache_enabled": false
	},
	"ph": "E",
	"cat": "dynamo_timed",
	"tid": 0,
	"pid": 0
	}
V0911 12:01:07.132000 2314988 /home/z50063656/Pass/src/pytorch/torch/_dynamo/utils.py:2363] {"chromium_event": {}, "frame_id": 0, "frame_compile_id": 0, "attempt": 0, "has_payload": "d8750bec1dbbd86ce8a1ce90fc9c4127"}
	{
	"name": "compile_fx.<locals>.bw_compiler",
	"ts": 1789099267132514.5,
	"args": {
	"compile_id": "0/0"
	},
	"ph": "E",
	"cat": "dynamo_timed",
	"tid": 0,
	"pid": 0
	}
V0911 12:01:07.132000 2314988 /home/z50063656/Pass/src/pytorch/torch/_dynamo/utils.py:2363] {"chromium_event": {}, "frame_id": 0, "frame_compile_id": 0, "attempt": 0, "has_payload": "39525c7af3c5afe0083afd10fd520ab8"}
	{
	"name": "entire_backward_compile",
	"ts": 1789099267132824.0,
	"args": {
	"fn_name": "backward._backward_impl",
	"compile_id": "0/0",
	"is_forward": false,
	"num_graph_breaks": 0
	},
	"ph": "E",
	"cat": "dynamo_timed",
	"tid": 0,
	"pid": 0
	}
V0911 12:01:07.136000 2314988 /home/z50063656/Pass/src/pytorch/torch/_dynamo/utils.py:2022] {"bwd_compilation_metrics": {"compile_id": "0/0", "frame_key": null, "co_name": null, "co_filename": null, "co_firstlineno": null, "cache_size": null, "accumulated_cache_size": null, "guard_count": null, "shape_env_guard_count": null, "graph_op_count": null, "graph_node_count": null, "graph_input_count": null, "start_time": 1789099250.681055, "entire_frame_compile_time_s": null, "backend_compile_time_s": null, "inductor_compile_time_s": 16.445706, "code_gen_time_s": 16.353308, "fail_type": null, "fail_reason": null, "fail_user_frame_filename": null, "fail_user_frame_lineno": null, "non_compliant_ops": null, "compliant_custom_ops": null, "restart_reasons": null, "dynamo_time_before_restart_s": null, "stack_trace": null, "exception_stack_trace": null, "graph_node_shapes": null, "has_guarded_code": null, "remote_cache_time_saved_s": null, "structured_logging_overhead_s": 0.081239, "config_suppress_errors": false, "config_inline_inbuilt_nn_modules": true, "specialize_float": null, "dynamo_config": "{\"_autograd_backward_strict_mode_conditional_banned_ops\": [\"stride\", \"storage_offset\", \"is_contiguous\"], \"_dynamic_shapes_spec\": null, \"_unsafe_skip_fsdp_module_guards\": false, \"accumulated_recompile_limit\": 256, \"allow_empty_graphs\": false, \"allow_ignore_mark_dynamic\": false, \"allow_rnn\": false, \"allow_unspec_int_on_nn_module\": false, \"allowed_functions_module_string_ignorelist\": [\"torch._decomp\", \"torch._prims\", \"torch._refs\", \"torch.distributions\", \"torch.testing\"], \"assume_dunder_attributes_remain_unchanged\": true, \"assume_static_by_default\": true, \"automatic_dynamic_exclusion_guard\": false, \"automatic_dynamic_local_pgo\": true, \"automatic_dynamic_remote_pgo\": null, \"automatic_dynamic_shapes\": true, \"automatic_dynamic_shapes_mark_as\": \"dynamic\", \"caching_precompile\": false, \"canonicalize_output_graph_node_order\": false, \"capture_autograd_function\": true, \"capture_dynamic_output_shape_ops\": false, \"capture_func_transforms\": true, \"capture_profiler_record_function\": false, \"capture_scalar_outputs\": false, \"capture_sparse_compute\": true, \"compiled_autograd\": false, \"compiled_autograd_kwargs_override\": {}, \"computed_lazy_constant_max_nodes\": 64, \"constant_fold_autograd_profiler_enabled\": false, \"cprofile\": false, \"cudagraph_backend_keep_input_mutation\": false, \"cudagraph_backend_support_input_mutation\": false, \"dead_code_elimination\": null, \"debug_backend_override\": \"\", \"debug_disable_compile_counter\": false, \"debug_dynamo_config_override\": \"\", \"debug_force_graph_break_on_leaf_return\": false, \"debug_force_nested_calls\": false, \"debug_inductor_config_override\": \"\", \"disable\": false, \"do_not_emit_runtime_asserts\": false, \"dont_skip_tracing\": false, \"dynamic_shapes\": true, \"dynamo_profiler\": false, \"enable_aot_compile\": true, \"enable_compiler_collectives\": false, \"enable_cpp_framelocals_guard_eval\": true, \"enable_cpp_guard_manager\": true, \"enable_cpp_symbolic_shape_guards\": false, \"enable_dynamo_decompositions\": true, \"enable_faithful_generator_behavior\": true, \"enable_invoke_subgraph_regional_compile\": false, \"enable_p2p_compilation\": false, \"enable_trace_contextlib\": true, \"enable_trace_load_build_class\": false, \"enable_trace_unittest\": false, \"error_on_dynamo_callback_in_fullgraph_compiled_code\": false, \"error_on_nested_fx_trace\": true, \"error_on_nested_jit_trace\": true, \"error_on_recompile\": false, \"fail_on_recompile_limit_hit\": false, \"fake_tensor_cache_crosscheck_enabled\": false, \"fake_tensor_cache_enabled\": true, \"fake_tensor_disable_inference_mode\": true, \"force_compile_during_fx_trace\": false, \"force_nn_module_property_static_shapes\": true, \"force_parameter_static_shapes\": true, \"force_unspec_int_unbacked_size_like_on_torchrec_kjt\": false, \"generate_pycode\": false, \"graph_break_on_nn_param_ctor\": true, \"graph_deduplication_lint\": false, \"guard_nn_modules\": true, \"guard_nn_modules_using_dict_tags\": true, \"inline_inbuilt_nn_modules\": true, \"inline_invoke_subgraph\": false, \"inline_single_use_invoke_subgraph\": true, \"inline_torch_dispatch_torch_compile\": true, \"install_free_tensors\": false, \"install_free_tensors_for_export\": true, \"invalidate_compile_context_weakrefs\": null, \"issue_3_13_0_warning\": true, \"leaf_function_check_escaped_gradients\": false, \"leaf_function_validate_outputs\": false, \"log_graph_in_out_metadata\": false, \"max_saved_pointers_for_recursive_dict_tags_check\": 256, \"minimum_call_count\": 1, \"nested_graph_breaks\": false, \"numpy_default_complex\": \"complex128\", \"numpy_default_float\": \"float64\", \"numpy_default_int\": \"int64\", \"only_allow_pt2_compliant_ops\": false, \"optimize_ddp\": true, \"optimize_ddp_lazy_compile\": false, \"prefer_deferred_runtime_asserts_over_guards\": false, \"prepare_freezing\": false, \"pt2_compile_id_prefix\": null, \"raise_on_ctx_manager_usage\": true, \"raise_on_unsafe_aot_autograd\": false, \"recompile_limit\": 8, \"record_compile_time_instruction_count\": false, \"record_runtime_overhead\": true, \"replay_record_enabled\": false, \"replay_side_effects\": true, \"report_guard_failures\": true, \"rewrite_assert_with_torch_assert\": true, \"run_gc_after_compile\": true, \"side_effect_replay_policy\": \"info\", \"skip_code_recursive_on_recompile_limit_hit\": true, \"skip_fsdp_guards\": true, \"skip_fwd_side_effects_in_bwd_under_checkpoint\": false, \"skip_guards_on_constant_func_defaults\": false, \"skip_nnmodule_hook_guards\": true, \"skip_no_tensor_aliasing_guards_on_parameters\": true, \"skip_tensor_guards_with_matching_dict_tags\": true, \"skip_torchrec\": true, \"skipfiles_inline_module_allowlist\": {}, \"specialize_float\": false, \"specialize_int\": false, \"strict_precompile\": false, \"suppress_errors\": false, \"trace_autograd_ops\": false, \"trace_numpy\": true, \"track_nodes_for_deduplication\": false, \"use_graph_deduplication\": false, \"use_lamba_guard_for_object_aliasing\": false, \"use_lazy_graph_module\": true, \"use_numpy_random_stream\": false, \"use_recursive_dict_tags_for_guards\": false, \"verify_correctness\": false, \"wrap_top_frame\": false}", "compiler_config": "{\"cache_key_tag\": \"\", \"compile_on_one_rank\": false, \"dynamic_sources\": \"\", \"dynamic_values\": \"\", \"force_cudagraph_gc\": false, \"force_disable_caches\": true, \"job_id\": null, \"pgo_extra_read_key\": null, \"pgo_extra_write_key\": null, \"unbacked_sources\": \"\"}", "is_forward": false, "num_triton_bundles": null, "remote_fx_graph_cache_get_time_ms": null, "remote_fx_graph_cache_put_time_ms": null, "start_time_us": 1789099250681055, "duration_us": 16451753, "dynamo_cumulative_compile_time_us": null, "aot_autograd_cumulative_compile_time_us": null, "inductor_cumulative_compile_time_us": 16445706, "inductor_code_gen_cumulative_compile_time_us": 16353308, "triton_compile_time_us": 16225427, "runtime_cudagraphify_time_us": null, "runtime_triton_autotune_time_us": null, "dynamo_compile_time_before_restart_us": null, "distributed_ephemeral_timeout_us": null, "structured_logging_overhead_us": 81239, "remote_fx_graph_cache_get_time_us": null, "remote_fx_graph_cache_put_time_us": null, "backward_cumulative_compile_time_us": 16451753, "end_time_us": 1789099267133033, "pre_grad_pass_time_us": null, "post_grad_pass_time_us": 18846, "joint_graph_pass_time_us": null, "log_format_version": 3, "inductor_config": "{\"TYPE_CHECKING\": false, \"_cache_config_factory_keys\": [\"inductor_choices_class\"], \"_cache_config_ignore_prefix\": [\"trace\", \"cuda.cutlass_dir\", \"cutlass.cutlass_dir\", \"xpu.cutlass_dir\", \"worker_start_method\", \"compile_threads\", \"post_grad_custom_post_pass\", \"post_grad_custom_pre_pass\", \"joint_custom_pre_pass\", \"joint_custom_post_pass\", \"pre_grad_custom_pass\", \"_fuse_ddp_communication_passes\", \"_pre_fusion_custom_pass\", \"cudagraph_policy\", \"force_disable_cudagraph_TESTING_ONLY\", \"pre_grad_pass_timing\", \"fx_graph_cache\", \"fx_graph_remote_cache\", \"autotune_local_cache\", \"autotune_remote_cache\"], \"_collective.auto_select\": false, \"_collective.one_shot_all_reduce_threshold_bytes\": 131072, \"_conv_default_backends\": \"ATEN\", \"_fuse_ddp_bucket_size\": 25, \"_fuse_ddp_communication\": false, \"_fuse_ddp_communication_passes\": [\"fuse_ddp_with_concat_op\", \"schedule_comm_wait\"], \"_micro_pipeline_tp\": false, \"_partitioned_scatter_default\": \"0\", \"_post_fusion_custom_pass\": null, \"_pre_fusion_custom_pass\": null, \"_profile_var\": \"\", \"_raise_error_for_testing\": false, \"_realize_acc_reads_threshold_default\": 8, \"_realize_opcount_threshold_default\": 30, \"_save_config_ignore\": [\"trace.upload_tar\", \"joint_custom_pre_pass\", \"joint_custom_post_pass\", \"pre_grad_custom_pass\", \"aot_inductor.repro_level\", \"aot_inductor.dump_aoti_minifier\", \"post_grad_custom_pre_pass\", \"post_grad_custom_post_pass\", \"_fuse_ddp_communication_passes\", \"_pre_fusion_custom_pass\", \"cudagraph_policy\"], \"_use_fp64_for_unbacked_floats\": true, \"add_pre_grad_passes\": null, \"aggressive_fusion\": false, \"align_random_eager\": false, \"alignment_asserts\": true, \"allow_buffer_reuse\": false, \"always_keep_tensor_constants\": false, \"annotate_training\": false, \"aot_inductor.allow_stack_allocation\": false, \"aot_inductor.aoti_shim_library\": null, \"aot_inductor.aoti_shim_library_path\": null, \"aot_inductor.autotune_per_kernel_alloc\": false, \"aot_inductor.check_lowerbound\": true, \"aot_inductor.compile_wrapper_opt_level\": \"O1\", \"aot_inductor.cross_target_platform\": null, \"aot_inductor.custom_op_libs\": null, \"aot_inductor.custom_ops_to_c_shims\": {}, \"aot_inductor.debug_compile\": false, \"aot_inductor.debug_intermediate_value_printer\": \"0\", \"aot_inductor.debug_symbols\": false, \"aot_inductor.dump_aoti_minifier\": false, \"aot_inductor.dynamic_linkage\": true, \"aot_inductor.embed_kernel_binary\": null, \"aot_inductor.emit_multi_arch_kernel\": null, \"aot_inductor.enable_frame_pointer\": true, \"aot_inductor.enable_line_tables\": true, \"aot_inductor.enable_lto\": false, \"aot_inductor.filtered_kernel_names\": null, \"aot_inductor.force_mmap_weights\": false, \"aot_inductor.link_libtorch\": true, \"aot_inductor.metadata\": {}, \"aot_inductor.model_name_for_generated_files\": null, \"aot_inductor.output_path\": \"\", \"aot_inductor.package\": false, \"aot_inductor.package_constants_in_so\": true, \"aot_inductor.package_constants_on_disk_format\": null, \"aot_inductor.package_cpp_only\": null, \"aot_inductor.precompile_headers\": true, \"aot_inductor.presets\": {}, \"aot_inductor.raise_error_on_ignored_optimization\": true, \"aot_inductor.repro_level\": 2, \"aot_inductor.serialized_in_spec\": \"\", \"aot_inductor.serialized_out_spec\": \"\", \"aot_inductor.use_consts_asm_build\": true, \"aot_inductor.use_minimal_arrayref_interface\": false, \"aot_inductor.use_runtime_constant_folding\": false, \"aot_inductor.weight_use_caching_allocator\": false, \"aot_inductor_mode.compile_standalone\": false, \"apply_gumbel_max_trick\": true, \"assert_indirect_indexing\": true, \"assume_32bit_indexing\": false, \"assume_aligned_inputs\": false, \"assume_unaligned_fallback_output\": false, \"aten_distributed_optimizations.allow_comms_decompositions\": false, \"aten_distributed_optimizations.bucket_exposed_first\": null, \"aten_distributed_optimizations.bucket_mode\": null, \"aten_distributed_optimizations.bucket_only_internode_comms\": false, \"aten_distributed_optimizations.collective_bucketing\": null, \"aten_distributed_optimizations.collective_estimator\": \"analytical\", \"aten_distributed_optimizations.compute_estimator\": \"benchmark\", \"aten_distributed_optimizations.compute_overlap_multipler\": null, \"aten_distributed_optimizations.custom_runtime_estimation\": null, \"aten_distributed_optimizations.enable_fusion_regions\": true, \"aten_distributed_optimizations.enable_low_contention_collectives\": false, \"aten_distributed_optimizations.enable_overlap_scheduling\": false, \"aten_distributed_optimizations.enable_simple_overlap\": true, \"aten_distributed_optimizations.insert_overlap_deps\": null, \"aten_distributed_optimizations.log_final_collectives_estimations\": false, \"aten_distributed_optimizations.low_contention_all_gather_ce_multicast\": false, \"aten_distributed_optimizations.low_contention_min_bytes_per_rank\": 16777216, \"aten_distributed_optimizations.low_contention_skip_overlap_check\": false, \"aten_distributed_optimizations.max_coll_distance\": null, \"aten_distributed_optimizations.max_compute_pre_fetch\": null, \"aten_distributed_optimizations.max_in_flight_gb\": null, \"aten_distributed_optimizations.max_memory_increase_gb\": null, \"aten_distributed_optimizations.max_memory_increase_ratio\": null, \"aten_distributed_optimizations.overlap_scheduling_autofix_cycles\": false, \"aten_distributed_optimizations.pre_bucketing_fsdp_collectives\": true, \"aten_distributed_optimizations.pre_bucketing_fsdp_collectives_bucket_cap_mb\": null, \"aten_distributed_optimizations.pre_bucketing_fsdp_collectives_max_bucket_cap_mb\": 500.0, \"aten_distributed_optimizations.pre_bucketing_fsdp_collectives_min_bucket_cap_mb\": 10.0, \"aten_distributed_optimizations.pre_bucketing_fsdp_collectives_saturation_calibration_multiplier\": 1.0, \"aten_distributed_optimizations.pre_bucketing_fsdp_collectives_verbose\": false, \"aten_distributed_optimizations.prioritize_bucketing_during_scheduling\": true, \"aten_distributed_optimizations.profile_guided_estimations_profile_path\": null, \"aten_distributed_optimizations.spmd_check\": false, \"aten_distributed_optimizations.spmd_mismatch\": \"warn\", \"auto_chunker.amplify_ratio_threshold\": 8, \"auto_chunker.enable\": false, \"auto_chunker.num_chunk\": null, \"auto_chunker.output_size_threshold\": 1048576, \"autoheuristic_collect.mixed_mm\": false, \"autoheuristic_collect.pad_mm\": false, \"autoheuristic_log_path\": \"DEFAULT\", \"autoheuristic_use.mixed_mm\": true, \"autoheuristic_use.pad_mm\": null, \"autotune_cudagraph_benchmarking\": false, \"autotune_fallback_to_aten\": false, \"autotune_in_subproc\": false, \"autotune_local_cache\": true, \"autotune_lookup_table\": {}, \"autotune_multi_device\": false, \"autotune_num_choices_displayed\": 10, \"autotune_remote_cache\": null, \"b2b_gemm_pass\": false, \"batch_fusion\": true, \"batch_invariant\": false, \"benchmark_combo_kernel\": false, \"benchmark_epilogue_fusion\": true, \"benchmark_fusion\": false, \"benchmark_harness\": true, \"benchmark_kernel\": false, \"bucket_all_gathers_bucket_mode\": \"default\", \"bucket_all_gathers_fx\": \"none\", \"bucket_all_gathers_fx_bucket_size_determinator\": null, \"bucket_all_reduces_fx\": \"none\", \"bucket_all_reduces_fx_bucket_size_determinator\": null, \"bucket_reduce_scatters_bucket_mode\": \"default\", \"bucket_reduce_scatters_fx\": \"none\", \"bucket_reduce_scatters_fx_bucket_size_determinator\": null, \"bundle_triton_into_fx_graph_cache\": true, \"bundled_autotune_remote_cache\": null, \"bw_outputs_user_visible\": true, \"cache_sdpa_constraint\": false, \"can_inplace_pad_graph_input\": false, \"check_stack_no_cycles_TESTING_ONLY\": false, \"collective_benchmark_nruns\": 50, \"collective_benchmark_timeout\": 30.0, \"combo_kernel_allow_mixed_sizes\": 1, \"combo_kernel_autotune_grouping\": true, \"combo_kernel_compile_time_autotune\": false, \"combo_kernel_foreach_dynamic_shapes\": true, \"combo_kernel_max_distance\": -1, \"combo_kernel_max_num_args\": 250, \"combo_kernel_max_num_nodes\": 8, \"combo_kernel_peak_memory_increase_gb\": null, \"combo_kernel_peak_memory_pct_threshold\": 0.05, \"combo_kernel_per_subkernel_blocks\": false, \"combo_kernels\": false, \"combo_kernels_autotune\": 1, \"combo_kernels_pointwise_only\": false, \"comment_origin\": false, \"compile_threads\": 1, \"compile_worker_wait_timeout\": 0, \"compile_worker_watchdog_interval_seconds\": 60, \"comprehensive_padding\": true, \"compute_all_bounds\": false, \"constant_and_index_propagation\": true, \"conv_1x1_as_mm\": false, \"coordinate_descent_check_all_directions\": false, \"coordinate_descent_search_radius\": 1, \"coordinate_descent_tuning\": false, \"cpp.cxx\": [null, \"g++\"], \"cpp.descriptive_names\": \"original_aten\", \"cpp.dynamic_threads\": false, \"cpp.enable_concat_linear\": false, \"cpp.enable_floating_point_contract_flag\": \"off\", \"cpp.enable_grouped_gemm_template\": false, \"cpp.enable_kernel_context_guard\": false, \"cpp.enable_kernel_profile\": false, \"cpp.enable_loop_tail_vec\": true, \"cpp.enable_tiling_heuristics\": true, \"cpp.enable_unsafe_math_opt_flag\": false, \"cpp.fallback_scatter_reduce_sum\": true, \"cpp.force_inline_kernel\": false, \"cpp.gemm_cache_blocking\": null, \"cpp.gemm_max_k_slices\": 1, \"cpp.gemm_thread_factors\": null, \"cpp.inject_log1p_bug_TESTING_ONLY\": null, \"cpp.inject_relu_bug_TESTING_ONLY\": null, \"cpp.march\": null, \"cpp.max_horizontal_fusion_size\": 16, \"cpp.min_chunk_size\": 512, \"cpp.no_redundant_loops\": true, \"cpp.simdlen\": null, \"cpp.threads\": -1, \"cpp.use_constexpr_for_int_array\": true, \"cpp.use_decompose_tanh\": false, \"cpp.use_small_dequant_buffer\": false, \"cpp.use_two_step_variance_threshold\": 1024, \"cpp.vec_isa_ok\": null, \"cpp.weight_prepack\": true, \"cpp_cache_precompile_headers\": true, \"cpp_wrapper\": false, \"cpp_wrapper_build_separate\": false, \"cpu_backend\": \"cpp\", \"cpu_gpu_bw\": 50.0, \"cuda.arch\": null, \"cuda.binary_remote_cache_force_write\": false, \"cuda.compile_opt_level\": \"-O1\", \"cuda.cuda_cxx\": null, \"cuda.cutlass_backend_min_gemm_size\": 1, \"cuda.cutlass_dir\": \"/home/z50063656/Pass/src/pytorch/third_party/cutlass\", \"cuda.cutlass_dynamic_cluster_fallback\": [2, 1, 1], \"cuda.cutlass_dynamic_cluster_shape\": [2, 1, 1], \"cuda.cutlass_enabled_ops\": \"all\", \"cuda.cutlass_epilogue_fusion_enabled\": false, \"cuda.cutlass_hash_with_compile_cmd\": false, \"cuda.cutlass_instantiation_level\": \"0\", \"cuda.cutlass_max_profiling_configs\": null, \"cuda.cutlass_max_profiling_swizzle_options\": [1, 2, 4, 8], \"cuda.cutlass_op_allowlist_regex\": null, \"cuda.cutlass_op_denylist_regex\": null, \"cuda.cutlass_prescreening\": true, \"cuda.cutlass_tma_only\": false, \"cuda.enable_caching_codegen\": true, \"cuda.enable_cuda_lto\": false, \"cuda.enable_debug_info\": false, \"cuda.enable_ptxas_info\": false, \"cuda.generate_test_runner\": false, \"cuda.upload_to_binary_remote_cache\": false, \"cuda.use_binary_remote_cache\": true, \"cuda.use_fast_math\": false, \"cuda.version\": null, \"cuda_backend\": \"triton\", \"cudagraph_policy\": null, \"cudagraph_unsafe_unbacked_ops\": [], \"custom_partitioner_fn\": null, \"custom_should_partition_ops\": [], \"cutedsl_enable_autotuning\": false, \"cutlass.binary_remote_cache_force_write\": false, \"cutlass.compile_opt_level\": \"-O1\", \"cutlass.cutlass_backend_min_gemm_size\": 1, \"cutlass.cutlass_dir\": \"/home/z50063656/Pass/src/pytorch/third_party/cutlass\", \"cutlass.cutlass_dynamic_cluster_fallback\": [2, 1, 1], \"cutlass.cutlass_dynamic_cluster_shape\": [2, 1, 1], \"cutlass.cutlass_enabled_ops\": \"all\", \"cutlass.cutlass_epilogue_fusion_enabled\": false, \"cutlass.cutlass_hash_with_compile_cmd\": false, \"cutlass.cutlass_instantiation_level\": \"0\", \"cutlass.cutlass_max_profiling_configs\": null, \"cutlass.cutlass_max_profiling_swizzle_options\": [1, 2, 4, 8], \"cutlass.cutlass_op_allowlist_regex\": null, \"cutlass.cutlass_op_denylist_regex\": null, \"cutlass.cutlass_prescreening\": true, \"cutlass.cutlass_tma_only\": false, \"cutlass.enable_caching_codegen\": true, \"cutlass.enable_debug_info\": false, \"cutlass.generate_test_runner\": false, \"cutlass.upload_to_binary_remote_cache\": false, \"cutlass.use_binary_remote_cache\": true, \"cutlass.use_fast_math\": false, \"dce\": false, \"debug\": false, \"debug_fusion\": false, \"debug_index_asserts\": false, \"debug_ir_traceback\": false, \"decompose_mem_bound_mm\": false, \"decompose_shard_dim_alltoall\": false, \"dedup_reduce_scatters\": false, \"delay_realize_cheap_outputs\": true, \"deterministic\": false, \"developer_warnings\": true, \"disable_cpp_codegen\": false, \"disable_padding_cpu\": true, \"disable_progress\": true, \"disabled_passes\": \"\", \"distributed_max_autotune_gemm\": false, \"do_not_emit_runtime_assertions\": false, \"dynamic_scale_rblock\": true, \"eager_numerics.disable_ftz\": false, \"eager_numerics.division_rounding\": false, \"eager_numerics.use_pytorch_libdevice\": false, \"efficient_conv_bn_eval_fx_passes\": false, \"emulate_precision_casts\": false, \"emulate_precision_casts_on_saved_tensors\": true, \"enable_auto_functionalized_v2\": true, \"enable_autograd_for_aot\": false, \"enable_caching_generated_triton_templates\": true, \"enable_linear_binary_folding\": false, \"enable_shape_handling\": false, \"enabled_metric_tables\": \"\", \"epilogue_fusion\": true, \"epilogue_fusion_first\": false, \"epilogue_fusion_user_defined_triton_kernel\": false, \"epilogue_fusion_with_atomic_add\": false, \"estimate_op_runtime\": \"default\", \"expand_dimension_for_pointwise_nodes\": false, \"external_matmul\": [], \"fallback_by_default\": false, \"fallback_embedding_bag_byte_unpack\": false, \"fallback_random\": false, \"file_lock_timeout\": 600, \"force_disable_cudagraph_TESTING_ONLY\": false, \"force_fuse_int_mm_with_mul\": false, \"force_layout_optimization\": false, \"force_pointwise_cat\": false, \"force_shape_pad\": false, \"freezing\": false, \"freezing_discard_parameters\": false, \"fx_graph_cache\": false, \"fx_graph_remote_cache\": null, \"fx_passes_numeric_check\": {\"num_iterations\": 1, \"pre_grad\": false, \"precision\": 0.0001, \"requires_optimizer\": true}, \"fx_wrapper\": false, \"generate_intermediate_hooks\": false, \"global_cache_dir\": null, \"graph_partition\": true, \"group_fusion\": false, \"halide.asserts\": false, \"halide.cpu_target\": \"host\", \"halide.debug\": false, \"halide.gpu_target\": \"host-cuda\", \"halide.scan_kernels\": false, \"halide.scheduler_cpu\": \"Adams2019\", \"halide.scheduler_cuda\": \"Anderson2021\", \"implicit_fallbacks\": true, \"incremental_autotune\": false, \"inductor_choices_class\": null, \"inductor_default_autotune_rep\": 100, \"inductor_default_autotune_warmup\": 25, \"inplace_buffers\": true, \"inplace_padding\": true, \"inter_node_bw\": null, \"intra_node_bw\": null, \"is_nightly_or_source\": true, \"is_predispatch\": false, \"joint_custom_post_pass\": null, \"joint_custom_pre_pass\": null, \"joint_graph_constant_folding\": true, \"keep_addmm_fused_for_half_dtypes\": true, \"keep_output_stride\": true, \"keep_static_cubin_raw\": false, \"kernel_name_max_ops\": 10, \"layout_opt_default\": \"1\", \"layout_optimization\": false, \"log_tlparse\": false, \"lookup_table.check_src_hash\": true, \"lookup_table.table\": null, \"loop_index_inversion_in_fusion\": true, \"loop_ordering_after_fusion\": true, \"loop_reindexing_after_fusion\": true, \"max_autotune\": false, \"max_autotune_allow_flexible_layouts\": false, \"max_autotune_conv_backends\": \"ATEN,TRITON\", \"max_autotune_conv_bwd_input_backends\": \"ATEN\", \"max_autotune_conv_bwd_weight_backends\": \"ATEN\", \"max_autotune_flex_search_space\": \"DEFAULT\", \"max_autotune_gemm\": false, \"max_autotune_gemm_backends\": \"ATEN,TRITON,CPP\", \"max_autotune_gemm_search_space\": \"DEFAULT\", \"max_autotune_pointwise\": false, \"max_autotune_prune_choices_based_on_shared_mem\": false, \"max_autotune_report_choices_stats\": true, \"max_autotune_subproc_graceful_timeout_seconds\": 0.0, \"max_autotune_subproc_result_timeout_seconds\": 60.0, \"max_autotune_subproc_terminate_timeout_seconds\": 0.0, \"max_complex_pointwise_cat_inputs\": 8, \"max_epilogue_benchmarked_choices\": 1, \"max_fusion_buffer_group_pairwise_attempts\": 64, \"max_fusion_size\": 64, \"max_fusion_unique_io_buffers\": null, \"max_pointwise_cat_inputs\": 8, \"memory_planning\": false, \"memory_pool\": \"intermediates\", \"min_num_split\": 0, \"min_overlap_ratio\": 1.1, \"mixed_mm_choice\": \"heuristic\", \"mtia.disable_welford_reduction\": false, \"multi_kernel_hints\": [], \"nan_asserts\": false, \"non_blocking_remote_cache_write\": true, \"npu_backend\": \"default\", \"numerics\": \"default\", \"nvgemm_max_profiling_configs\": 10, \"nvgemm_supplement_configs\": false, \"nvgemm_swap_ab\": false, \"online_softmax\": true, \"optimize_scatter_upon_const_tensor\": true, \"pad_channels_last\": false, \"pad_dynamic_shapes\": false, \"pad_outputs\": false, \"padding_alignment_bytes\": 128, \"padding_stride_threshold\": 1024, \"partitioned_scatter_enabled\": false, \"partitioned_scatter_force\": false, \"partitioned_scatter_max_partitions\": 64, \"partitioned_scatter_min_contention_ratio\": 4.0, \"partitioned_scatter_min_index_size\": 4096, \"partitioned_scatter_min_partitions\": 2, \"partitioned_scatter_non_model_floor_bytes\": 1500000000, \"pattern_matcher\": true, \"permute_fusion\": false, \"pick_loop_orders\": true, \"pipeline_max_autotune_gemm\": false, \"post_grad_custom_post_pass\": \"Value is not JSON serializable\", \"post_grad_custom_pre_pass\": null, \"post_grad_fusion_options\": {}, \"pre_grad_custom_pass\": null, \"pre_grad_fusion_options\": {\"batch_linear_lhs\": {\"devices\": [\"xpu\"], \"min_fuse_set_size\": 2}}, \"pre_grad_pass_timing\": \"default\", \"precompilation_timeout_seconds\": 300, \"profile_bandwidth\": false, \"profile_bandwidth_output\": null, \"profile_bandwidth_regex\": \"\", \"profile_bandwidth_with_do_bench_using_profiling\": false, \"profiler_mark_wrapper_call\": false, \"prologue_fusion\": true, \"quiesce_async_compile_pool\": true, \"quiesce_async_compile_time\": 60, \"realize_acc_reads_size_threshold\": null, \"realize_acc_reads_threshold\": null, \"realize_cpu_acc_reads_threshold\": 12, \"realize_cpu_opcount_threshold\": 50, \"realize_opcount_threshold\": null, \"realize_opusers_threshold\": 5, \"realize_reads_threshold\": 4, \"remote_gemm_autotune_cache\": false, \"remove_pre_grad_passes\": null, \"reorder_for_compute_comm_overlap\": false, \"reorder_for_compute_comm_overlap_passes\": [], \"reorder_for_locality\": true, \"reorder_for_locality_in_training\": false, \"reorder_for_peak_memory\": true, \"reorder_for_peak_memory_debug\": false, \"reorder_prefetch_limit\": null, \"rocm.arch\": [], \"rocm.ck_dir\": null, \"rocm.ck_max_profiling_configs\": null, \"rocm.ck_supported_arch\": [\"gfx90a\", \"gfx942\", \"gfx950\"], \"rocm.ck_tile_max_profiling_configs\": null, \"rocm.compile_opt_level\": \"-O2\", \"rocm.contiguous_threshold\": 16, \"rocm.flush_denormals\": true, \"rocm.generate_test_runner\": false, \"rocm.is_debug\": false, \"rocm.kBatch_sweep\": null, \"rocm.n_max_profiling_configs\": null, \"rocm.origami\": true, \"rocm.origami_topk\": 6, \"rocm.print_kernel_resource_usage\": false, \"rocm.rocm_home\": null, \"rocm.save_temps\": false, \"rocm.split_k_threshold\": 16, \"rocm.use_fast_math\": true, \"rocm.use_preselected_instances\": false, \"run_jit_post_compile_hook\": false, \"runtime_estimations_mms_benchmark\": false, \"runtime_triton_nan_asserts\": false, \"save_args\": false, \"scalar_asserts\": true, \"score_fusion_memory_threshold\": 10, \"search_autotune_cache\": false, \"selective_decompose\": false, \"shape_handling_configs\": [], \"shape_handling_dict\": null, \"shape_padding\": false, \"size_asserts\": false, \"size_threshold_for_succ_based_strategy\": 0, \"sleep_sec_TESTING_ONLY\": null, \"small_memory_access_threshold\": 16777216, \"split_cat_fx_passes\": true, \"split_reductions\": false, \"static_launch_user_defined_triton_kernels\": false, \"static_weight_shapes\": true, \"strict_output_strides\": false, \"strict_signed_zero\": false, \"strict_static_cuda_launcher\": false, \"test_configs.assume_bucketing_reduces_latency\": true, \"test_configs.autotune_choice_desc_regex\": null, \"test_configs.autotune_choice_name_regex\": null, \"test_configs.bisect_keep_custom_backend_for_inductor\": false, \"test_configs.bisect_pre_grad_graph\": false, \"test_configs.distort_benchmarking_result\": \"\", \"test_configs.force_custom_op_decomposition\": null, \"test_configs.force_extern_kernel_in_multi_template\": false, \"test_configs.force_filter_reduction_configs\": false, \"test_configs.force_no_impl_grouping\": false, \"test_configs.graphsafe_rng_func_ignores_fallback_random\": false, \"test_configs.max_flex_configs\": null, \"test_configs.max_mm_configs\": null, \"test_configs.runtime_triton_dtype_assert\": false, \"test_configs.runtime_triton_shape_assert\": false, \"test_configs.static_cpp_dtype_assert\": false, \"test_configs.track_memory_lifecycle\": null, \"test_configs.use_libtorch\": false, \"torchinductor_worker_logpath\": \"\", \"tpu_backend\": \"pallas\", \"trace.compile_profile\": false, \"trace.debug_dir\": null, \"trace.debug_log\": false, \"trace.dot_graph_shape\": null, \"trace.draw_orig_fx_graph\": false, \"trace.enabled\": true, \"trace.fx_graph\": true, \"trace.fx_graph_transformed\": true, \"trace.graph_diagram\": false, \"trace.graph_diagram_format\": \"svg\", \"trace.info_log\": false, \"trace.ir_post_fusion\": true, \"trace.ir_pre_fusion\": true, \"trace.log_autotuning_results\": false, \"trace.log_url_for_graph_xform\": null, \"trace.orig_fx_graph_diagram_format\": \"svg\", \"trace.output_code\": true, \"trace.provenance_tracking_level\": 1, \"trace.provenance_tracking_max_events\": 500000, \"trace.provenance_tracking_to_timeline\": false, \"trace.save_real_tensors\": false, \"trace.upload_tar\": null, \"triton.autotune_at_compile_time\": null, \"triton.autotune_cublasLt\": true, \"triton.autotune_pointwise\": true, \"triton.autotune_with_sample_inputs\": false, \"triton.coalesce_tiling_analysis\": true, \"triton.codegen_upcast_to_fp32\": true, \"triton.cooperative_reductions\": false, \"triton.cudagraph_capture_sizes\": null, \"triton.cudagraph_dynamic_shape_warn_limit\": 8, \"triton.cudagraph_min_partition_size\": 0, \"triton.cudagraph_or_error\": false, \"triton.cudagraph_partition_memory_budget\": 1.1, \"triton.cudagraph_skip_dynamic_graphs\": false, \"triton.cudagraph_support_input_mutation\": true, \"triton.cudagraph_trees\": true, \"triton.cudagraph_trees_generation_cloning\": null, \"triton.cudagraph_trees_history_recording\": false, \"triton.cudagraph_trees_objgraph\": false, \"triton.cudagraph_unexpected_rerecord_limit\": 128, \"triton.cudagraphs\": false, \"triton.debug_dump_kernel_inputs\": {}, \"triton.debug_sync_graph\": false, \"triton.debug_sync_kernel\": false, \"triton.decompose_k_threshold\": 32, \"triton.decompose_sort_ops\": false, \"triton.dense_indexing\": false, \"triton.descriptive_names\": \"original_aten\", \"triton.disallow_failing_autotune_kernels_TESTING_ONLY\": false, \"triton.divisible_by_16\": true, \"triton.dynamic_disable_pipelining\": true, \"triton.emit_pointer_range_32\": true, \"triton.enable_host_side_tma\": false, \"triton.enable_pdl\": false, \"triton.enable_persistent_tma_matmul\": false, \"triton.enable_template_autows\": false, \"triton.enable_template_tma_store\": false, \"triton.enable_tma_load_for_template_epilogue\": false, \"triton.fast_path_cudagraph_asserts\": false, \"triton.force_cooperative_reductions\": false, \"triton.force_cudagraph_sync\": false, \"triton.force_cudagraphs_warmup\": false, \"triton.inject_relu_bug_TESTING_ONLY\": null, \"triton.max_kernel_dump_occurrences\": 3, \"triton.max_tiles\": null, \"triton.min_split_scan_rblock\": 256, \"triton.mix_order_reduction\": true, \"triton.mix_order_reduction_allow_multi_stages\": true, \"triton.mix_order_reduction_autotune_split_size\": false, \"triton.mix_order_reduction_initial_xblock\": 1, \"triton.mix_order_reduction_max_reads\": 10, \"triton.mix_order_reduction_non_strict_mode\": false, \"triton.mix_order_reduction_split_size\": null, \"triton.multi_kernel\": 0, \"triton.native_matmul\": false, \"triton.nested_reduction\": false, \"triton.num_decompose_k_splits\": 10, \"triton.persistent_reductions\": true, \"triton.prefer_nd_tiling\": false, \"triton.proton_group_by_sm\": true, \"triton.proton_output_dir\": null, \"triton.proton_per_cta_occupancy\": true, \"triton.proton_profiling\": false, \"triton.proton_split_invocations\": true, \"triton.reorder_for_reducing_graph_partitions\": true, \"triton.skip_cudagraph_warmup\": false, \"triton.skip_l1_cache\": false, \"triton.slow_path_cudagraph_asserts\": true, \"triton.spill_threshold\": 16, \"triton.store_cubin\": false, \"triton.tile_reductions\": false, \"triton.tiling_prevents_pointwise_fusion\": true, \"triton.tiling_prevents_reduction_fusion\": true, \"triton.tlx_mode\": null, \"triton.transpose_discontiguous_tensor_descriptor\": true, \"triton.unique_kernel_names\": true, \"triton.unique_user_kernel_names\": false, \"triton.use_block_ptr\": false, \"triton.use_tensor_descriptor\": false, \"triton.use_two_step_variance_min_numel\": 1024, \"triton.use_two_step_variance_threshold\": 32768, \"triton_disable_device_detection\": false, \"triton_kernel_default_layout_constraint\": \"needs_fixed_stride_order\", \"unbacked_symint_fallback\": 8192, \"unroll_reductions_threshold\": 8, \"unsafe_ignore_unsupported_triton_autotune_args\": false, \"unsafe_marked_cacheable_functions\": {}, \"unsafe_skip_cache_dynamic_shape_guards\": false, \"use_dce\": true, \"use_experimental_benchmarker\": true, \"use_fast_math\": false, \"use_fast_triton_launcher\": true, \"use_joint_graph_passes\": true, \"use_launch_metadata_schema\": true, \"use_mixed_mm\": true, \"use_post_grad_passes\": true, \"use_pre_grad_passes\": true, \"use_static_cuda_launcher\": true, \"use_torch_profiler_benchmarker\": false, \"verbose_progress\": false, \"warn_mix_layout\": false, \"worker_log_path\": null, \"worker_start_method\": \"subprocess\", \"worker_suppress_logging\": true, \"wrap_inductor_compiled_regions\": false, \"write_are_deterministic_algorithms_enabled\": true, \"xpu.arch\": null, \"xpu.binary_remote_cache_force_write\": false, \"xpu.compile_opt_level\": \"-O1\", \"xpu.cutlass_backend_min_gemm_size\": 1, \"xpu.cutlass_dir\": \"/home/z50063656/tmp\", \"xpu.cutlass_dynamic_cluster_fallback\": [2, 1, 1], \"xpu.cutlass_dynamic_cluster_shape\": [2, 1, 1], \"xpu.cutlass_enabled_ops\": \"all\", \"xpu.cutlass_epilogue_fusion_enabled\": false, \"xpu.cutlass_hash_with_compile_cmd\": false, \"xpu.cutlass_instantiation_level\": \"0\", \"xpu.cutlass_max_profiling_configs\": null, \"xpu.cutlass_max_profiling_swizzle_options\": [1, 2, 4, 8], \"xpu.cutlass_op_allowlist_regex\": null, \"xpu.cutlass_op_denylist_regex\": null, \"xpu.cutlass_prescreening\": true, \"xpu.cutlass_tma_only\": false, \"xpu.enable_caching_codegen\": true, \"xpu.enable_debug_info\": false, \"xpu.generate_test_runner\": false, \"xpu.oneapi_root\": null, \"xpu.upload_to_binary_remote_cache\": false, \"xpu.use_binary_remote_cache\": true, \"xpu.use_fast_math\": false, \"xpu.version\": null, \"xpu_backend\": \"triton\"}", "remote_cache_version": null, "inductor_fx_remote_cache_hit_count": 0, "inductor_fx_remote_cache_miss_count": 0, "inductor_fx_remote_cache_backend_type": null, "inductor_fx_remote_cache_hit_keys": null, "inductor_fx_remote_cache_miss_keys": null, "inductor_fx_local_cache_hit_count": 0, "inductor_fx_local_cache_miss_count": 0, "aotautograd_remote_cache_hit_count": 0, "aotautograd_remote_cache_miss_count": 0, "aotautograd_local_cache_hit_count": 0, "aotautograd_local_cache_miss_count": 0, "cuda_version": null, "triton_version": "3.2.0", "feature_usage": {"fx_cache": false, "parallel_compile_post_warmup": false}, "compile_time_autotune_time_us": null, "is_runtime": false, "gc_time_us": null, "tensorify_float_attempt": null, "tensorify_float_success": null, "tensorify_float_failure": null, "guard_latency_us": null, "recompile_reason": null, "num_graph_breaks": 0, "triton_kernel_compile_times_us": "[[\"triton_unk_fused_add_cos_expand_matmul_backward_mul_neg_sigmoid_sigmoid_backward_sin_tanh_tanh_backward_unsqueeze_0\", 16225092]]", "ir_count": null, "cudagraph_skip_reason": null, "python_version": "3.11.15 | packaged by conda-forge | (main, Aug 11 2026, 10:16:23) [GCC 14.4.0]", "pgo_put_remote_code_state_time_us": null, "pgo_get_remote_code_state_time_us": null, "param_numel": null, "param_bytes": null, "param_count": null, "recompile_user_contexts": null, "inline_inbuilt_nn_modules_candidate": false, "pytorch_version": "2.14.0a0+git8e86e0a", "inductor_provenance": ["{\"torch.ops.aten.matmul_backward.default:1\": [\"  File \\\"/home/z50063656/Pass/src/pytorch/test/inductor/test_reorder_for_locality_in_training.py\\\", line 73, in forward\\n    b = torch.sigmoid(x @ self.w2)\\n                      ^^^^^^^^^^^^\\n\", \"  File \\\"/home/z50063656/Pass/src/pytorch/test/inductor/test_reorder_for_locality_in_training.py\\\", line 73, in forward\\n    b = torch.sigmoid(x @ self.w2)\\n        ^^^^^^^^^^^^^^^^^^^^^^^^^^\\n\", \"  File \\\"/home/z50063656/Pass/src/pytorch/test/inductor/test_reorder_for_locality_in_training.py\\\", line 74, in forward\\n    return (a * b + torch.sin(a) * torch.cos(b)).sum(dim=1)\\n            ^^^^^^^^^^^^^^^^^^^^^^^^^^^^^^^^^^^^^^^^^^^^^^^\\nGradient addition node due to multiple use of tensor around:\", \"  File \\\"/home/z50063656/Pass/src/pytorch/test/inductor/test_reorder_for_locality_in_training.py\\\", line 74, in forward\\n    return (a * b + torch.sin(a) * torch.cos(b)).sum(dim=1)\\n                                   ^^^^^^^^^^^^^^^^^^^^^^^^\\n\", \"  File \\\"/home/z50063656/Pass/src/pytorch/test/inductor/test_reorder_for_locality_in_training.py\\\", line 74, in forward\\n    return (a * b + torch.sin(a) * torch.cos(b)).sum(dim=1)\\n                    ^^^^^^^^^^^^^^^^^^^^^^^^^^^^^^^^^^^^^^^\\n\", \"  File \\\"/home/z50063656/Pass/src/pytorch/test/inductor/test_reorder_for_locality_in_training.py\\\", line 74, in forward\\n    return (a * b + torch.sin(a) * torch.cos(b)).sum(dim=1)\\n           ^^^^^^^^^^^^^^^^^^^^^^^^^^^^^^^^^^^^^^^^^^^^^^^^\\n\", \"  File \\\"/home/z50063656/Pass/src/pytorch/test/inductor/test_reorder_for_locality_in_training.py\\\", line 72, in forward\\n    a = torch.tanh(x @ self.w1)\\n        ^^^^^^^^^^^^^^^^^^^^^^^\\n\", \"  File \\\"/home/z50063656/Pass/src/pytorch/test/inductor/test_reorder_for_locality_in_training.py\\\", line 74, in forward\\n    return (a * b + torch.sin(a) * torch.cos(b)).sum(dim=1)\\n            ^^^^^^^^^^^^^^^^^^^^^^^^^^^^^^^^^^^^^^^^^^^^^^^\\n\"], \"torch.ops.aten.matmul_backward.default:2\": [\"  File \\\"/home/z50063656/Pass/src/pytorch/test/inductor/test_reorder_for_locality_in_training.py\\\", line 72, in forward\\n    a = torch.tanh(x @ self.w1)\\n                   ^^^^^^^^^^^^\\n\", \"  File \\\"/home/z50063656/Pass/src/pytorch/test/inductor/test_reorder_for_locality_in_training.py\\\", line 72, in forward\\n    a = torch.tanh(x @ self.w1)\\n        ^^^^^^^^^^^^^^^^^^^^^^^\\n\", \"  File \\\"/home/z50063656/Pass/src/pytorch/test/inductor/test_reorder_for_locality_in_training.py\\\", line 74, in forward\\n    return (a * b + torch.sin(a) * torch.cos(b)).sum(dim=1)\\n            ^^^^^^^^^^^^^^^^^^^^^^^^^^^^^^^^^^^^^^^^^^^^^^^\\nGradient addition node due to multiple use of tensor around:\", \"  File \\\"/home/z50063656/Pass/src/pytorch/test/inductor/test_reorder_for_locality_in_training.py\\\", line 74, in forward\\n    return (a * b + torch.sin(a) * torch.cos(b)).sum(dim=1)\\n                    ^^^^^^^^^^^^^^^^^^^^^^^^^^^^^^^^^^^^^^^\\n\", \"  File \\\"/home/z50063656/Pass/src/pytorch/test/inductor/test_reorder_for_locality_in_training.py\\\", line 74, in forward\\n    return (a * b + torch.sin(a) * torch.cos(b)).sum(dim=1)\\n           ^^^^^^^^^^^^^^^^^^^^^^^^^^^^^^^^^^^^^^^^^^^^^^^^\\n\", \"  File \\\"/home/z50063656/Pass/src/pytorch/test/inductor/test_reorder_for_locality_in_training.py\\\", line 74, in forward\\n    return (a * b + torch.sin(a) * torch.cos(b)).sum(dim=1)\\n                                   ^^^^^^^^^^^^^^^^^^^^^^^^\\n\", \"  File \\\"/home/z50063656/Pass/src/pytorch/test/inductor/test_reorder_for_locality_in_training.py\\\", line 73, in forward\\n    b = torch.sigmoid(x @ self.w2)\\n        ^^^^^^^^^^^^^^^^^^^^^^^^^^\\n\", \"  File \\\"/home/z50063656/Pass/src/pytorch/test/inductor/test_reorder_for_locality_in_training.py\\\", line 74, in forward\\n    return (a * b + torch.sin(a) * torch.cos(b)).sum(dim=1)\\n            ^^^^^^^^^^^^^^^^^^^^^^^^^^^^^^^^^^^^^^^^^^^^^^^\\n\"]}"], "functorch_config": "{\"_sync_decision_cross_ranks\": false, \"_test_disable_functionalization\": true, \"activation_memory_budget\": 1.0, \"activation_memory_budget_runtime_estimator\": \"flops\", \"activation_memory_budget_solver\": \"dp\", \"activation_offload_cpu_gpu_bw\": 50.0, \"activation_offload_separate_stream\": false, \"activation_offload_sink_wait\": false, \"activation_reload_prefetch\": false, \"aggressive_recomputation\": false, \"autograd_cache_allow_custom_autograd_functions\": false, \"autograd_cache_normalize_inputs\": true, \"backward_pass_autocast\": \"same_as_forward\", \"ban_recompute_long_fusible_chains\": true, \"ban_recompute_materialized_backward\": true, \"ban_recompute_not_in_allowlist\": true, \"ban_recompute_reductions\": true, \"ban_recompute_used_far_apart\": true, \"bundled_autograd_cache\": false, \"bypass_autograd_cache_key\": false, \"check_custom_op_aliasing\": true, \"cse\": true, \"custom_op_default_layout_constraint\": \"needs_exact_strides\", \"debug_assert\": false, \"debug_partitioner\": false, \"decompose_custom_triton_ops\": true, \"disable_guess_zero_tangent_for_mutated_input_subclass\": false, \"donated_buffer\": true, \"enable_activation_offloading\": false, \"enable_autograd_cache\": true, \"enable_complex_wrapper\": false, \"enable_remote_autograd_cache\": null, \"error_on_custom_op_aliasing\": false, \"fake_tensor_allow_meta\": true, \"fake_tensor_allow_unsafe_data_ptr_access\": true, \"fake_tensor_crossref\": false, \"fake_tensor_prefer_device_type\": null, \"fake_tensor_propagate_real_tensors\": false, \"force_autograd_cache\": false, \"force_non_lazy_backward_lowering\": false, \"functionalize_rng_ops\": false, \"generate_fake_kernels_from_real_mismatches\": false, \"graphsafe_rng_functionalization\": true, \"guess_tangent_strides_as_outputs\": true, \"is_non_builtin_to_include\": false, \"joint_custom_pass\": null, \"max_dist_from_bw\": 1000, \"memory_budget_pareto_dir\": null, \"recompute_views\": false, \"remat_using_tags_for_fwd_loss_bwd_graph\": true, \"saved_tensors_hooks_filtering_mode\": \"donated\", \"selective_decompose\": false, \"static_weight_shapes\": true, \"strict_autograd_cache\": false, \"torch_compile_graph_format\": \"svg\", \"treat_parameters_as_free_to_save\": true, \"unlift_effect_tokens\": false, \"unsafe_allow_optimization_of_collectives\": false, \"unsafe_treat_script_objects_as_zero_size\": false, \"view_replay_for_aliased_outputs\": true, \"visualize_memory_budget_pareto\": false}"}, "frame_id": 0, "frame_compile_id": 0, "attempt": 0}
